Provenances,created_at,id,id_str,text,truncated,source,in_reply_to_status_id,in_reply_to_status_id_str,in_reply_to_user_id,in_reply_to_user_id_str,in_reply_to_screen_name,user__id,user__id_str,user__name,user__screen_name,user__location,user__description,user__url,user__entities__url__urls__url,user__entities__url__urls__expanded_url,user__entities__url__urls__display_url,user__entities__url__urls__indices__001,user__entities__url__urls__indices__002,user__protected,user__followers_count,user__friends_count,user__listed_count,user__created_at,user__favourites_count,user__utc_offset,user__time_zone,user__geo_enabled,user__verified,user__statuses_count,user__lang,user__contributors_enabled,user__is_translator,user__is_translation_enabled,user__profile_background_color,user__profile_background_image_url,user__profile_background_image_url_https,user__profile_background_tile,user__profile_image_url,user__profile_image_url_https,user__profile_banner_url,user__profile_link_color,user__profile_sidebar_border_color,user__profile_sidebar_fill_color,user__profile_text_color,user__profile_use_background_image,user__has_extended_profile,user__default_profile,user__default_profile_image,user__following,user__follow_request_sent,user__notifications,geo,coordinates,place,contributors,retweeted_status__created_at,retweeted_status__id,retweeted_status__id_str,retweeted_status__text,retweeted_status__truncated,retweeted_status__source,retweeted_status__in_reply_to_status_id,retweeted_status__in_reply_to_status_id_str,retweeted_status__in_reply_to_user_id,retweeted_status__in_reply_to_user_id_str,retweeted_status__in_reply_to_screen_name,retweeted_status__user__id,retweeted_status__user__id_str,retweeted_status__user__name,retweeted_status__user__screen_name,retweeted_status__user__location,retweeted_status__user__description,retweeted_status__user__url,retweeted_status__user__entities__url__urls__url,retweeted_status__user__entities__url__urls__expanded_url,retweeted_status__user__entities__url__urls__display_url,retweeted_status__user__entities__url__urls__indices__001,retweeted_status__user__entities__url__urls__indices__002,retweeted_status__user__protected,retweeted_status__user__followers_count,retweeted_status__user__friends_count,retweeted_status__user__listed_count,retweeted_status__user__created_at,retweeted_status__user__favourites_count,retweeted_status__user__utc_offset,retweeted_status__user__time_zone,retweeted_status__user__geo_enabled,retweeted_status__user__verified,retweeted_status__user__statuses_count,retweeted_status__user__lang,retweeted_status__user__contributors_enabled,retweeted_status__user__is_translator,retweeted_status__user__is_translation_enabled,retweeted_status__user__profile_background_color,retweeted_status__user__profile_background_image_url,retweeted_status__user__profile_background_image_url_https,retweeted_status__user__profile_background_tile,retweeted_status__user__profile_image_url,retweeted_status__user__profile_image_url_https,retweeted_status__user__profile_banner_url,retweeted_status__user__profile_link_color,retweeted_status__user__profile_sidebar_border_color,retweeted_status__user__profile_sidebar_fill_color,retweeted_status__user__profile_text_color,retweeted_status__user__profile_use_background_image,retweeted_status__user__has_extended_profile,retweeted_status__user__default_profile,retweeted_status__user__default_profile_image,retweeted_status__user__following,retweeted_status__user__follow_request_sent,retweeted_status__user__notifications,retweeted_status__geo,retweeted_status__coordinates,retweeted_status__place,retweeted_status__contributors,retweeted_status__is_quote_status,retweeted_status__retweet_count,retweeted_status__favorite_count,retweeted_status__entities__hashtags__text,retweeted_status__entities__hashtags__indices__001,retweeted_status__entities__hashtags__indices__002,retweeted_status__entities__user_mentions__screen_name,retweeted_status__entities__user_mentions__name,retweeted_status__entities__user_mentions__id,retweeted_status__entities__user_mentions__id_str,retweeted_status__entities__user_mentions__indices__001,retweeted_status__entities__user_mentions__indices__002,retweeted_status__entities__urls__url,retweeted_status__entities__urls__expanded_url,retweeted_status__entities__urls__display_url,retweeted_status__entities__urls__indices__001,retweeted_status__entities__urls__indices__002,retweeted_status__entities__media__id,retweeted_status__entities__media__id_str,retweeted_status__entities__media__indices__001,retweeted_status__entities__media__indices__002,retweeted_status__entities__media__media_url,retweeted_status__entities__media__media_url_https,retweeted_status__entities__media__url,retweeted_status__entities__media__display_url,retweeted_status__entities__media__expanded_url,retweeted_status__entities__media__type,retweeted_status__entities__media__sizes__|,retweeted_status__entities__media__sizes__|__w,retweeted_status__entities__media__sizes__|__h,retweeted_status__entities__media__sizes__|__resize,retweeted_status__extended_entities__media__id,retweeted_status__extended_entities__media__id_str,retweeted_status__extended_entities__media__indices__001,retweeted_status__extended_entities__media__indices__002,retweeted_status__extended_entities__media__media_url,retweeted_status__extended_entities__media__media_url_https,retweeted_status__extended_entities__media__url,retweeted_status__extended_entities__media__display_url,retweeted_status__extended_entities__media__expanded_url,retweeted_status__extended_entities__media__type,retweeted_status__extended_entities__media__sizes__|,retweeted_status__extended_entities__media__sizes__|__w,retweeted_status__extended_entities__media__sizes__|__h,retweeted_status__extended_entities__media__sizes__|__resize,retweeted_status__favorited,retweeted_status__retweeted,retweeted_status__possibly_sensitive,retweeted_status__lang,is_quote_status,retweet_count,favorite_count,entities__hashtags__text,entities__hashtags__indices__001,entities__hashtags__indices__002,entities__urls__url,entities__urls__expanded_url,entities__urls__display_url,entities__urls__indices__001,entities__urls__indices__002,entities__user_mentions__screen_name,entities__user_mentions__name,entities__user_mentions__id,entities__user_mentions__id_str,entities__user_mentions__indices__001,entities__user_mentions__indices__002,entities__media__id,entities__media__id_str,entities__media__indices__001,entities__media__indices__002,entities__media__media_url,entities__media__media_url_https,entities__media__url,entities__media__display_url,entities__media__expanded_url,entities__media__type,entities__media__sizes__|,entities__media__sizes__|__w,entities__media__sizes__|__h,entities__media__sizes__|__resize,entities__media__source_status_id,entities__media__source_status_id_str,entities__media__source_user_id,entities__media__source_user_id_str,extended_entities__media__id,extended_entities__media__id_str,extended_entities__media__indices__001,extended_entities__media__indices__002,extended_entities__media__media_url,extended_entities__media__media_url_https,extended_entities__media__url,extended_entities__media__display_url,extended_entities__media__expanded_url,extended_entities__media__type,extended_entities__media__sizes__|,extended_entities__media__sizes__|__w,extended_entities__media__sizes__|__h,extended_entities__media__sizes__|__resize,extended_entities__media__source_status_id,extended_entities__media__source_status_id_str,extended_entities__media__source_user_id,extended_entities__media__source_user_id_str,extended_entities__media__video_info__aspect_ratio__001,extended_entities__media__video_info__aspect_ratio__002,extended_entities__media__video_info__duration_millis,extended_entities__media__video_info__variants__bitrate,extended_entities__media__video_info__variants__content_type,extended_entities__media__video_info__variants__url,favorited,retweeted,possibly_sensitive,lang
Twitter Recent Michigan Football Tweets,Thu Mar 03 15:53:09 +0000 2016,7.05421E+17,7.05421E+17,.@BigPappi73 ?????? https://t.co/bXwrcpYa80,FALSE,"<a href=""http://twitter.com/download/iphone"" rel=""nofollow"">Twitter for iPhone</a>",null,null,null,null,null,27902825,27902825,Michigan Football,umichfootball,"Ann Arbor, Michigan",Official Twitter account of University of Michigan Football. Tweeting scores & news from the field. #GoBlue,http://t.co/zGQgWjW6q8,http://t.co/zGQgWjW6q8,http://MGoBlue.com,MGoBlue.com,0,22,FALSE,387426,373,2882,Tue Mar 31 16:18:57 +0000 2009,963,-18000,Eastern Time (US & Canada),TRUE,TRUE,15553,en,FALSE,FALSE,FALSE,4.00E+43,http://pbs.twimg.com/profile_background_images/378800000063171941/204cd17d9fcd051349ca09029218f2ce.jpeg,https://pbs.twimg.com/profile_background_images/378800000063171941/204cd17d9fcd051349ca09029218f2ce.jpeg,FALSE,http://pbs.twimg.com/profile_images/479660271942656000/k8p1Z5Ez_normal.jpeg,https://pbs.twimg.com/profile_images/479660271942656000/k8p1Z5Ez_normal.jpeg,https://pbs.twimg.com/profile_banners/27902825/1456512585,0084B4,FFFFFF,DDFFCC,333333,TRUE,FALSE,FALSE,FALSE,FALSE,FALSE,FALSE,null,null,null,null,,,,,,,,,,,,,,,,,,,,,,,,,,,,,,,,,,,,,,,,,,,,,,,,,,,,,,,,,,,,,,,,,,,,,,,,,,,,,,,,,,,,,,,,,,,,,,,,,,,,,,,,,,,,,,FALSE,55,196,,,,,,,,,BigPappi73,Maurice Hurst Jr,198709783,198709783,1,12,7.05421E+17,7.05421E+17,17,40,http://pbs.twimg.com/ext_tw_video_thumb/705420588794388480/pu/img/HhZMnZ4MTk_xN7OH.jpg,https://pbs.twimg.com/ext_tw_video_thumb/705420588794388480/pu/img/HhZMnZ4MTk_xN7OH.jpg,https://t.co/bXwrcpYa80,pic.twitter.com/bXwrcpYa80,http://twitter.com/umichfootball/status/705420759221575680/video/1,photo,thumb,150,150,crop,,,,,7.05421E+17,7.05421E+17,17,40,http://pbs.twimg.com/ext_tw_video_thumb/705420588794388480/pu/img/HhZMnZ4MTk_xN7OH.jpg,https://pbs.twimg.com/ext_tw_video_thumb/705420588794388480/pu/img/HhZMnZ4MTk_xN7OH.jpg,https://t.co/bXwrcpYa80,pic.twitter.com/bXwrcpYa80,http://twitter.com/umichfootball/status/705420759221575680/video/1,video,thumb,150,150,crop,,,,,16,9,16639,320000,video/mp4,https://video.twimg.com/ext_tw_video/705420588794388480/pu/vid/320x180/OPSVYordt2nwH1qA.mp4,FALSE,FALSE,FALSE,und
Twitter Recent Michigan Football Tweets,,,,,,,,,,,,,,,,,,,,,,,,,,,,,,,,,,,,,,,,,,,,,,,,,,,,,,,,,,,,,,,,,,,,,,,,,,,,,,,,,,,,,,,,,,,,,,,,,,,,,,,,,,,,,,,,,,,,,,,,,,,,,,,,,,,,,,,,,,,,,,,,,,,,,,,,,,,,,,,,,,,,,,,,,,,,,,,,,,,,,,,,,,,,,,,,,,,,,medium,600,338,fit,,,,,,,,,,,,,,,medium,600,338,fit,,,,,,,,832000,video/webm,https://video.twimg.com/ext_tw_video/705420588794388480/pu/vid/640x360/crRqlySBGvt4onjU.webm,,,,
Twitter Recent Michigan Football Tweets,,,,,,,,,,,,,,,,,,,,,,,,,,,,,,,,,,,,,,,,,,,,,,,,,,,,,,,,,,,,,,,,,,,,,,,,,,,,,,,,,,,,,,,,,,,,,,,,,,,,,,,,,,,,,,,,,,,,,,,,,,,,,,,,,,,,,,,,,,,,,,,,,,,,,,,,,,,,,,,,,,,,,,,,,,,,,,,,,,,,,,,,,,,,,,,,,,,,,small,340,191,fit,,,,,,,,,,,,,,,small,340,191,fit,,,,,,,,832000,video/mp4,https://video.twimg.com/ext_tw_video/705420588794388480/pu/vid/640x360/crRqlySBGvt4onjU.mp4,,,,
Twitter Recent Michigan Football Tweets,,,,,,,,,,,,,,,,,,,,,,,,,,,,,,,,,,,,,,,,,,,,,,,,,,,,,,,,,,,,,,,,,,,,,,,,,,,,,,,,,,,,,,,,,,,,,,,,,,,,,,,,,,,,,,,,,,,,,,,,,,,,,,,,,,,,,,,,,,,,,,,,,,,,,,,,,,,,,,,,,,,,,,,,,,,,,,,,,,,,,,,,,,,,,,,,,,,,,large,1024,576,fit,,,,,,,,,,,,,,,large,1024,576,fit,,,,,,,,,application/dash+xml,https://video.twimg.com/ext_tw_video/705420588794388480/pu/pl/j1RWz9kKSDm7J4_M.mpd,,,,
Twitter Recent Michigan Football Tweets,,,,,,,,,,,,,,,,,,,,,,,,,,,,,,,,,,,,,,,,,,,,,,,,,,,,,,,,,,,,,,,,,,,,,,,,,,,,,,,,,,,,,,,,,,,,,,,,,,,,,,,,,,,,,,,,,,,,,,,,,,,,,,,,,,,,,,,,,,,,,,,,,,,,,,,,,,,,,,,,,,,,,,,,,,,,,,,,,,,,,,,,,,,,,,,,,,,,,,,,,,,,,,,,,,,,,,,,,,,,,,,,,,2176000,video/mp4,https://video.twimg.com/ext_tw_video/705420588794388480/pu/vid/1280x720/U6RX3JKqw5VxBu4u.mp4,,,,
Twitter Recent Michigan Football Tweets,,,,,,,,,,,,,,,,,,,,,,,,,,,,,,,,,,,,,,,,,,,,,,,,,,,,,,,,,,,,,,,,,,,,,,,,,,,,,,,,,,,,,,,,,,,,,,,,,,,,,,,,,,,,,,,,,,,,,,,,,,,,,,,,,,,,,,,,,,,,,,,,,,,,,,,,,,,,,,,,,,,,,,,,,,,,,,,,,,,,,,,,,,,,,,,,,,,,,,,,,,,,,,,,,,,,,,,,,,,,,,,,,,,application/x-mpegURL,https://video.twimg.com/ext_tw_video/705420588794388480/pu/pl/j1RWz9kKSDm7J4_M.m3u8,,,,
Twitter Recent Michigan Football Tweets,Thu Mar 03 14:30:38 +0000 2016,7.054E+17,7.054E+17,"Welcome Tony Tuioti, our new Director of Player Personnel! https://t.co/e6bHb6VjRH https://t.co/bHQPwAHev8",FALSE,"<a href=""http://twitter.com/download/iphone"" rel=""nofollow"">Twitter for iPhone</a>",null,null,null,null,null,27902825,27902825,Michigan Football,umichfootball,"Ann Arbor, Michigan",Official Twitter account of University of Michigan Football. Tweeting scores & news from the field. #GoBlue,http://t.co/zGQgWjW6q8,http://t.co/zGQgWjW6q8,http://MGoBlue.com,MGoBlue.com,0,22,FALSE,387426,373,2882,Tue Mar 31 16:18:57 +0000 2009,963,-18000,Eastern Time (US & Canada),TRUE,TRUE,15553,en,FALSE,FALSE,FALSE,4.00E+43,http://pbs.twimg.com/profile_background_images/378800000063171941/204cd17d9fcd051349ca09029218f2ce.jpeg,https://pbs.twimg.com/profile_background_images/378800000063171941/204cd17d9fcd051349ca09029218f2ce.jpeg,FALSE,http://pbs.twimg.com/profile_images/479660271942656000/k8p1Z5Ez_normal.jpeg,https://pbs.twimg.com/profile_images/479660271942656000/k8p1Z5Ez_normal.jpeg,https://pbs.twimg.com/profile_banners/27902825/1456512585,0084B4,FFFFFF,DDFFCC,333333,TRUE,FALSE,FALSE,FALSE,FALSE,FALSE,FALSE,null,null,null,null,,,,,,,,,,,,,,,,,,,,,,,,,,,,,,,,,,,,,,,,,,,,,,,,,,,,,,,,,,,,,,,,,,,,,,,,,,,,,,,,,,,,,,,,,,,,,,,,,,,,,,,,,,,,,,FALSE,51,224,,,,https://t.co/e6bHb6VjRH,http://www.mgoblue.com/sports/m-footbl/spec-rel/030316aaa.html,mgoblue.com/sports/m-footb…,59,82,,,,,,,7.054E+17,7.054E+17,83,106,http://pbs.twimg.com/media/CcoVjPOW4AAcprQ.jpg,https://pbs.twimg.com/media/CcoVjPOW4AAcprQ.jpg,https://t.co/bHQPwAHev8,pic.twitter.com/bHQPwAHev8,http://twitter.com/umichfootball/status/705399991339192321/photo/1,photo,medium,600,337,fit,,,,,7.054E+17,7.054E+17,83,106,http://pbs.twimg.com/media/CcoVjPOW4AAcprQ.jpg,https://pbs.twimg.com/media/CcoVjPOW4AAcprQ.jpg,https://t.co/bHQPwAHev8,pic.twitter.com/bHQPwAHev8,http://twitter.com/umichfootball/status/705399991339192321/photo/1,photo,medium,600,337,fit,,,,,,,,,,,FALSE,FALSE,FALSE,en
Twitter Recent Michigan Football Tweets,,,,,,,,,,,,,,,,,,,,,,,,,,,,,,,,,,,,,,,,,,,,,,,,,,,,,,,,,,,,,,,,,,,,,,,,,,,,,,,,,,,,,,,,,,,,,,,,,,,,,,,,,,,,,,,,,,,,,,,,,,,,,,,,,,,,,,,,,,,,,,,,,,,,,,,,,,,,,,,,,,,,,,,,,,,,,,,,,,,,,,,,,,,,,,,,,,,,,large,772,434,fit,,,,,,,,,,,,,,,large,772,434,fit,,,,,,,,,,,,,,
Twitter Recent Michigan Football Tweets,,,,,,,,,,,,,,,,,,,,,,,,,,,,,,,,,,,,,,,,,,,,,,,,,,,,,,,,,,,,,,,,,,,,,,,,,,,,,,,,,,,,,,,,,,,,,,,,,,,,,,,,,,,,,,,,,,,,,,,,,,,,,,,,,,,,,,,,,,,,,,,,,,,,,,,,,,,,,,,,,,,,,,,,,,,,,,,,,,,,,,,,,,,,,,,,,,,,,thumb,150,150,crop,,,,,,,,,,,,,,,thumb,150,150,crop,,,,,,,,,,,,,,
Twitter Recent Michigan Football Tweets,,,,,,,,,,,,,,,,,,,,,,,,,,,,,,,,,,,,,,,,,,,,,,,,,,,,,,,,,,,,,,,,,,,,,,,,,,,,,,,,,,,,,,,,,,,,,,,,,,,,,,,,,,,,,,,,,,,,,,,,,,,,,,,,,,,,,,,,,,,,,,,,,,,,,,,,,,,,,,,,,,,,,,,,,,,,,,,,,,,,,,,,,,,,,,,,,,,,,small,340,191,fit,,,,,,,,,,,,,,,small,340,191,fit,,,,,,,,,,,,,,
Twitter Recent Michigan Football Tweets,Thu Mar 03 14:01:45 +0000 2016,7.05393E+17,7.05393E+17,Practice day 3: ready to go! #GoBlue https://t.co/I0PH75KfoF,FALSE,"<a href=""http://twitter.com/download/iphone"" rel=""nofollow"">Twitter for iPhone</a>",null,null,null,null,null,27902825,27902825,Michigan Football,umichfootball,"Ann Arbor, Michigan",Official Twitter account of University of Michigan Football. Tweeting scores & news from the field. #GoBlue,http://t.co/zGQgWjW6q8,http://t.co/zGQgWjW6q8,http://MGoBlue.com,MGoBlue.com,0,22,FALSE,387426,373,2882,Tue Mar 31 16:18:57 +0000 2009,963,-18000,Eastern Time (US & Canada),TRUE,TRUE,15553,en,FALSE,FALSE,FALSE,4.00E+43,http://pbs.twimg.com/profile_background_images/378800000063171941/204cd17d9fcd051349ca09029218f2ce.jpeg,https://pbs.twimg.com/profile_background_images/378800000063171941/204cd17d9fcd051349ca09029218f2ce.jpeg,FALSE,http://pbs.twimg.com/profile_images/479660271942656000/k8p1Z5Ez_normal.jpeg,https://pbs.twimg.com/profile_images/479660271942656000/k8p1Z5Ez_normal.jpeg,https://pbs.twimg.com/profile_banners/27902825/1456512585,0084B4,FFFFFF,DDFFCC,333333,TRUE,FALSE,FALSE,FALSE,FALSE,FALSE,FALSE,null,null,null,null,,,,,,,,,,,,,,,,,,,,,,,,,,,,,,,,,,,,,,,,,,,,,,,,,,,,,,,,,,,,,,,,,,,,,,,,,,,,,,,,,,,,,,,,,,,,,,,,,,,,,,,,,,,,,,FALSE,208,686,GoBlue,29,36,,,,,,,,,,,,7.05393E+17,7.05393E+17,37,60,http://pbs.twimg.com/media/CcoO7XpUUAEf4aC.jpg,https://pbs.twimg.com/media/CcoO7XpUUAEf4aC.jpg,https://t.co/I0PH75KfoF,pic.twitter.com/I0PH75KfoF,http://twitter.com/umichfootball/status/705392725219262465/photo/1,photo,thumb,150,150,crop,,,,,7.05393E+17,7.05393E+17,37,60,http://pbs.twimg.com/media/CcoO7XpUUAEf4aC.jpg,https://pbs.twimg.com/media/CcoO7XpUUAEf4aC.jpg,https://t.co/I0PH75KfoF,pic.twitter.com/I0PH75KfoF,http://twitter.com/umichfootball/status/705392725219262465/photo/1,photo,thumb,150,150,crop,,,,,,,,,,,FALSE,FALSE,FALSE,en
Twitter Recent Michigan Football Tweets,,,,,,,,,,,,,,,,,,,,,,,,,,,,,,,,,,,,,,,,,,,,,,,,,,,,,,,,,,,,,,,,,,,,,,,,,,,,,,,,,,,,,,,,,,,,,,,,,,,,,,,,,,,,,,,,,,,,,,,,,,,,,,,,,,,,,,,,,,,,,,,,,,,,,,,,,,,,,,,,,,,,,,,,,,,,,,,,,,,,,,,,,,,,,,,,,,,,,large,1024,1082,fit,,,,,,,,,,,,,,,large,1024,1082,fit,,,,,,,,,,,,,,
Twitter Recent Michigan Football Tweets,,,,,,,,,,,,,,,,,,,,,,,,,,,,,,,,,,,,,,,,,,,,,,,,,,,,,,,,,,,,,,,,,,,,,,,,,,,,,,,,,,,,,,,,,,,,,,,,,,,,,,,,,,,,,,,,,,,,,,,,,,,,,,,,,,,,,,,,,,,,,,,,,,,,,,,,,,,,,,,,,,,,,,,,,,,,,,,,,,,,,,,,,,,,,,,,,,,,,medium,600,634,fit,,,,,,,,,,,,,,,medium,600,634,fit,,,,,,,,,,,,,,
Twitter Recent Michigan Football Tweets,,,,,,,,,,,,,,,,,,,,,,,,,,,,,,,,,,,,,,,,,,,,,,,,,,,,,,,,,,,,,,,,,,,,,,,,,,,,,,,,,,,,,,,,,,,,,,,,,,,,,,,,,,,,,,,,,,,,,,,,,,,,,,,,,,,,,,,,,,,,,,,,,,,,,,,,,,,,,,,,,,,,,,,,,,,,,,,,,,,,,,,,,,,,,,,,,,,,,small,340,359,fit,,,,,,,,,,,,,,,small,340,359,fit,,,,,,,,,,,,,,
Twitter Recent Michigan Football Tweets,Thu Mar 03 13:14:38 +0000 2016,7.05381E+17,7.05381E+17,RT @UMichAthletics: The M-PACT (Professional And Career Transition) Program is unique to MICHIGAN.   LEARN » https://t.co/W6169NHeXv https:…,FALSE,"<a href=""https://about.twitter.com/products/tweetdeck"" rel=""nofollow"">TweetDeck</a>",null,null,null,null,null,27902825,27902825,Michigan Football,umichfootball,"Ann Arbor, Michigan",Official Twitter account of University of Michigan Football. Tweeting scores & news from the field. #GoBlue,http://t.co/zGQgWjW6q8,http://t.co/zGQgWjW6q8,http://MGoBlue.com,MGoBlue.com,0,22,FALSE,387426,373,2882,Tue Mar 31 16:18:57 +0000 2009,963,-18000,Eastern Time (US & Canada),TRUE,TRUE,15553,en,FALSE,FALSE,FALSE,4.00E+43,http://pbs.twimg.com/profile_background_images/378800000063171941/204cd17d9fcd051349ca09029218f2ce.jpeg,https://pbs.twimg.com/profile_background_images/378800000063171941/204cd17d9fcd051349ca09029218f2ce.jpeg,FALSE,http://pbs.twimg.com/profile_images/479660271942656000/k8p1Z5Ez_normal.jpeg,https://pbs.twimg.com/profile_images/479660271942656000/k8p1Z5Ez_normal.jpeg,https://pbs.twimg.com/profile_banners/27902825/1456512585,0084B4,FFFFFF,DDFFCC,333333,TRUE,FALSE,FALSE,FALSE,FALSE,FALSE,FALSE,null,null,null,null,Wed Mar 02 23:47:04 +0000 2016,7.05178E+17,7.05178E+17,The M-PACT (Professional And Career Transition) Program is unique to MICHIGAN.   LEARN » https://t.co/W6169NHeXv https://t.co/uDaYEZJJkF,FALSE,"<a href=""https://about.twitter.com/products/tweetdeck"" rel=""nofollow"">TweetDeck</a>",null,null,null,null,null,3270622363,3270622363,Michigan Athletics,UMichAthletics,"Ann Arbor, MI",The official voice of Michigan Athletics. @UMich - Fans - Student-Athletes - Community. #GoBlue,http://t.co/ChrA8mhIBK,http://t.co/ChrA8mhIBK,http://www.MGoBlue.com/,MGoBlue.com,0,22,FALSE,23356,204,186,Tue Jul 07 03:03:46 +0000 2015,524,-18000,Eastern Time (US & Canada),FALSE,TRUE,2970,en,FALSE,FALSE,FALSE,C0DEED,http://abs.twimg.com/images/themes/theme1/bg.png,https://abs.twimg.com/images/themes/theme1/bg.png,FALSE,http://pbs.twimg.com/profile_images/624623905454587904/OrrDiCrb_normal.jpg,https://pbs.twimg.com/profile_images/624623905454587904/OrrDiCrb_normal.jpg,https://pbs.twimg.com/profile_banners/3270622363/1455914767,0084B4,C0DEED,DDEEF6,333333,TRUE,FALSE,TRUE,FALSE,FALSE,FALSE,FALSE,null,null,null,null,FALSE,13,28,,,,,,,,,,https://t.co/W6169NHeXv,http://myumi.ch/Jm9wk,myumi.ch/Jm9wk,89,112,7.05152E+17,7.05152E+17,113,136,http://pbs.twimg.com/media/Cck0AxXWIAE9RyB.jpg,https://pbs.twimg.com/media/Cck0AxXWIAE9RyB.jpg,https://t.co/uDaYEZJJkF,pic.twitter.com/uDaYEZJJkF,http://twitter.com/UMichAthletics/status/705177636922785793/photo/1,photo,large,800,220,fit,7.05152E+17,7.05152E+17,113,136,http://pbs.twimg.com/media/Cck0AxXWIAE9RyB.jpg,https://pbs.twimg.com/media/Cck0AxXWIAE9RyB.jpg,https://t.co/uDaYEZJJkF,pic.twitter.com/uDaYEZJJkF,http://twitter.com/UMichAthletics/status/705177636922785793/photo/1,photo,large,800,220,fit,FALSE,FALSE,FALSE,en,FALSE,13,0,,,,https://t.co/W6169NHeXv,http://myumi.ch/Jm9wk,myumi.ch/Jm9wk,109,132,UMichAthletics,Michigan Athletics,3270622363,3270622363,3,18,7.05152E+17,7.05152E+17,139,140,http://pbs.twimg.com/media/Cck0AxXWIAE9RyB.jpg,https://pbs.twimg.com/media/Cck0AxXWIAE9RyB.jpg,https://t.co/uDaYEZJJkF,pic.twitter.com/uDaYEZJJkF,http://twitter.com/UMichAthletics/status/705177636922785793/photo/1,photo,large,800,220,fit,7.05178E+17,7.05178E+17,3270622363,3270622363,7.05152E+17,7.05152E+17,139,140,http://pbs.twimg.com/media/Cck0AxXWIAE9RyB.jpg,https://pbs.twimg.com/media/Cck0AxXWIAE9RyB.jpg,https://t.co/uDaYEZJJkF,pic.twitter.com/uDaYEZJJkF,http://twitter.com/UMichAthletics/status/705177636922785793/photo/1,photo,large,800,220,fit,7.05178E+17,7.05178E+17,3270622363,3270622363,,,,,,,FALSE,FALSE,FALSE,en
Twitter Recent Michigan Football Tweets,,,,,,,,,,,,,,,,,,,,,,,,,,,,,,,,,,,,,,,,,,,,,,,,,,,,,,,,,,,,,,,,,,,,,,,,,,,,,,,,,,,,,,,,,,,,,,,,,,,,,,,,,,,,,,,,,,,,,,,,,,,,,,,,,,,,,,,,,,,,,,,,,,,,small,340,94,fit,,,,,,,,,,,small,340,94,fit,,,,,,,,,,,,,,,,,,,,,,,,,,,,,,,,small,340,94,fit,,,,,,,,,,,,,,,small,340,94,fit,,,,,,,,,,,,,,
Twitter Recent Michigan Football Tweets,,,,,,,,,,,,,,,,,,,,,,,,,,,,,,,,,,,,,,,,,,,,,,,,,,,,,,,,,,,,,,,,,,,,,,,,,,,,,,,,,,,,,,,,,,,,,,,,,,,,,,,,,,,,,,,,,,,,,,,,,,,,,,,,,,,,,,,,,,,,,,,,,,,,thumb,150,150,crop,,,,,,,,,,,thumb,150,150,crop,,,,,,,,,,,,,,,,,,,,,,,,,,,,,,,,thumb,150,150,crop,,,,,,,,,,,,,,,thumb,150,150,crop,,,,,,,,,,,,,,
Twitter Recent Michigan Football Tweets,,,,,,,,,,,,,,,,,,,,,,,,,,,,,,,,,,,,,,,,,,,,,,,,,,,,,,,,,,,,,,,,,,,,,,,,,,,,,,,,,,,,,,,,,,,,,,,,,,,,,,,,,,,,,,,,,,,,,,,,,,,,,,,,,,,,,,,,,,,,,,,,,,,,medium,600,165,fit,,,,,,,,,,,medium,600,165,fit,,,,,,,,,,,,,,,,,,,,,,,,,,,,,,,,medium,600,165,fit,,,,,,,,,,,,,,,medium,600,165,fit,,,,,,,,,,,,,,
Twitter Recent Michigan Football Tweets,Thu Mar 03 01:38:50 +0000 2016,7.05206E+17,7.05206E+17,Check out this 360 video of the team entering the field before the @Pirates vs. @tigers game today! #GoBlue  VID » https://t.co/bj4WkaUqxV,FALSE,"<a href=""https://about.twitter.com/products/tweetdeck"" rel=""nofollow"">TweetDeck</a>",null,null,null,null,null,27902825,27902825,Michigan Football,umichfootball,"Ann Arbor, Michigan",Official Twitter account of University of Michigan Football. Tweeting scores & news from the field. #GoBlue,http://t.co/zGQgWjW6q8,http://t.co/zGQgWjW6q8,http://MGoBlue.com,MGoBlue.com,0,22,FALSE,387426,373,2882,Tue Mar 31 16:18:57 +0000 2009,963,-18000,Eastern Time (US & Canada),TRUE,TRUE,15553,en,FALSE,FALSE,FALSE,4.00E+43,http://pbs.twimg.com/profile_background_images/378800000063171941/204cd17d9fcd051349ca09029218f2ce.jpeg,https://pbs.twimg.com/profile_background_images/378800000063171941/204cd17d9fcd051349ca09029218f2ce.jpeg,FALSE,http://pbs.twimg.com/profile_images/479660271942656000/k8p1Z5Ez_normal.jpeg,https://pbs.twimg.com/profile_images/479660271942656000/k8p1Z5Ez_normal.jpeg,https://pbs.twimg.com/profile_banners/27902825/1456512585,0084B4,FFFFFF,DDFFCC,333333,TRUE,FALSE,FALSE,FALSE,FALSE,FALSE,FALSE,null,null,null,null,,,,,,,,,,,,,,,,,,,,,,,,,,,,,,,,,,,,,,,,,,,,,,,,,,,,,,,,,,,,,,,,,,,,,,,,,,,,,,,,,,,,,,,,,,,,,,,,,,,,,,,,,,,,,,FALSE,13,70,GoBlue,100,107,https://t.co/bj4WkaUqxV,http://myumi.ch/6pvpQ,myumi.ch/6pvpQ,115,138,Pirates,Pittsburgh Pirates,37947138,37947138,67,75,,,,,,,,,,,,,,,,,,,,,,,,,,,,,,,,,,,,,,,,,,,FALSE,FALSE,FALSE,en
Twitter Recent Michigan Football Tweets,,,,,,,,,,,,,,,,,,,,,,,,,,,,,,,,,,,,,,,,,,,,,,,,,,,,,,,,,,,,,,,,,,,,,,,,,,,,,,,,,,,,,,,,,,,,,,,,,,,,,,,,,,,,,,,,,,,,,,,,,,,,,,,,,,,,,,,,,,,,,,,,,,,,,,,,,,,,,,,,,,,,,,,,,,,,,,,,,,,,,tigers,Detroit Tigers,30008146,30008146,80,87,,,,,,,,,,,,,,,,,,,,,,,,,,,,,,,,,,,,,,,,,,,,,,
Twitter Recent Michigan Football Tweets,Wed Mar 02 20:40:45 +0000 2016,7.05131E+17,7.05131E+17,RT @UMichAthletics: .@AuburnTigers We did not. But we like this book a lot.   #GoBlue #ReadAcrossAmerica https://t.co/FDEuT0QVrO,FALSE,"<a href=""https://about.twitter.com/products/tweetdeck"" rel=""nofollow"">TweetDeck</a>",null,null,null,null,null,27902825,27902825,Michigan Football,umichfootball,"Ann Arbor, Michigan",Official Twitter account of University of Michigan Football. Tweeting scores & news from the field. #GoBlue,http://t.co/zGQgWjW6q8,http://t.co/zGQgWjW6q8,http://MGoBlue.com,MGoBlue.com,0,22,FALSE,387426,373,2882,Tue Mar 31 16:18:57 +0000 2009,963,-18000,Eastern Time (US & Canada),TRUE,TRUE,15553,en,FALSE,FALSE,FALSE,4.00E+43,http://pbs.twimg.com/profile_background_images/378800000063171941/204cd17d9fcd051349ca09029218f2ce.jpeg,https://pbs.twimg.com/profile_background_images/378800000063171941/204cd17d9fcd051349ca09029218f2ce.jpeg,FALSE,http://pbs.twimg.com/profile_images/479660271942656000/k8p1Z5Ez_normal.jpeg,https://pbs.twimg.com/profile_images/479660271942656000/k8p1Z5Ez_normal.jpeg,https://pbs.twimg.com/profile_banners/27902825/1456512585,0084B4,FFFFFF,DDFFCC,333333,TRUE,FALSE,FALSE,FALSE,FALSE,FALSE,FALSE,null,null,null,null,Wed Mar 02 18:01:32 +0000 2016,7.05091E+17,7.05091E+17,.@AuburnTigers We did not. But we like this book a lot.   #GoBlue #ReadAcrossAmerica https://t.co/FDEuT0QVrO,FALSE,"<a href=""https://about.twitter.com/products/tweetdeck"" rel=""nofollow"">TweetDeck</a>",7.05074E+17,7.05074E+17,26759991,26759991,AuburnTigers,3270622363,3270622363,Michigan Athletics,UMichAthletics,"Ann Arbor, MI",The official voice of Michigan Athletics. @UMich - Fans - Student-Athletes - Community. #GoBlue,http://t.co/ChrA8mhIBK,http://t.co/ChrA8mhIBK,http://www.MGoBlue.com/,MGoBlue.com,0,22,FALSE,23356,204,186,Tue Jul 07 03:03:46 +0000 2015,524,-18000,Eastern Time (US & Canada),FALSE,TRUE,2970,en,FALSE,FALSE,FALSE,C0DEED,http://abs.twimg.com/images/themes/theme1/bg.png,https://abs.twimg.com/images/themes/theme1/bg.png,FALSE,http://pbs.twimg.com/profile_images/624623905454587904/OrrDiCrb_normal.jpg,https://pbs.twimg.com/profile_images/624623905454587904/OrrDiCrb_normal.jpg,https://pbs.twimg.com/profile_banners/3270622363/1455914767,0084B4,C0DEED,DDEEF6,333333,TRUE,FALSE,TRUE,FALSE,FALSE,FALSE,FALSE,null,null,null,null,FALSE,194,389,GoBlue,58,65,AuburnTigers,Auburn Tigers,26759991,26759991,1,14,,,,,,7.0509E+17,7.0509E+17,85,108,http://pbs.twimg.com/media/Ccj8Ai5W8AEYTho.jpg,https://pbs.twimg.com/media/Ccj8Ai5W8AEYTho.jpg,https://t.co/FDEuT0QVrO,pic.twitter.com/FDEuT0QVrO,http://twitter.com/UMichAthletics/status/705090680830431232/photo/1,photo,small,340,467,fit,7.0509E+17,7.0509E+17,85,108,http://pbs.twimg.com/media/Ccj8Ai5W8AEYTho.jpg,https://pbs.twimg.com/media/Ccj8Ai5W8AEYTho.jpg,https://t.co/FDEuT0QVrO,pic.twitter.com/FDEuT0QVrO,http://twitter.com/UMichAthletics/status/705090680830431232/photo/1,photo,small,340,467,fit,FALSE,FALSE,FALSE,en,FALSE,194,0,GoBlue,78,85,,,,,,UMichAthletics,Michigan Athletics,3270622363,3270622363,3,18,7.0509E+17,7.0509E+17,105,128,http://pbs.twimg.com/media/Ccj8Ai5W8AEYTho.jpg,https://pbs.twimg.com/media/Ccj8Ai5W8AEYTho.jpg,https://t.co/FDEuT0QVrO,pic.twitter.com/FDEuT0QVrO,http://twitter.com/UMichAthletics/status/705090680830431232/photo/1,photo,small,340,467,fit,7.05091E+17,7.05091E+17,3270622363,3270622363,7.0509E+17,7.0509E+17,105,128,http://pbs.twimg.com/media/Ccj8Ai5W8AEYTho.jpg,https://pbs.twimg.com/media/Ccj8Ai5W8AEYTho.jpg,https://t.co/FDEuT0QVrO,pic.twitter.com/FDEuT0QVrO,http://twitter.com/UMichAthletics/status/705090680830431232/photo/1,photo,small,340,467,fit,7.05091E+17,7.05091E+17,3270622363,3270622363,,,,,,,FALSE,FALSE,FALSE,en
Twitter Recent Michigan Football Tweets,,,,,,,,,,,,,,,,,,,,,,,,,,,,,,,,,,,,,,,,,,,,,,,,,,,,,,,,,,,,,,,,,,,,,,,,,,,,,,,,,,,,,,,,,,,,,,,,,,,,,,,,,,,,,,,,,,,,,,,,,,,,ReadAcrossAmerica,66,84,,,,,,,,,,,,,,,,,,,,,,thumb,150,150,crop,,,,,,,,,,,thumb,150,150,crop,,,,,,,,ReadAcrossAmerica,86,104,,,,,,AuburnTigers,Auburn Tigers,26759991,26759991,21,34,,,,,,,,,,,thumb,150,150,crop,,,,,,,,,,,,,,,thumb,150,150,crop,,,,,,,,,,,,,,
Twitter Recent Michigan Football Tweets,,,,,,,,,,,,,,,,,,,,,,,,,,,,,,,,,,,,,,,,,,,,,,,,,,,,,,,,,,,,,,,,,,,,,,,,,,,,,,,,,,,,,,,,,,,,,,,,,,,,,,,,,,,,,,,,,,,,,,,,,,,,,,,,,,,,,,,,,,,,,,,,,,,,medium,437,600,fit,,,,,,,,,,,medium,437,600,fit,,,,,,,,,,,,,,,,,,,,,,,,,,,,,,,,medium,437,600,fit,,,,,,,,,,,,,,,medium,437,600,fit,,,,,,,,,,,,,,
Twitter Recent Michigan Football Tweets,,,,,,,,,,,,,,,,,,,,,,,,,,,,,,,,,,,,,,,,,,,,,,,,,,,,,,,,,,,,,,,,,,,,,,,,,,,,,,,,,,,,,,,,,,,,,,,,,,,,,,,,,,,,,,,,,,,,,,,,,,,,,,,,,,,,,,,,,,,,,,,,,,,,large,437,600,fit,,,,,,,,,,,large,437,600,fit,,,,,,,,,,,,,,,,,,,,,,,,,,,,,,,,large,437,600,fit,,,,,,,,,,,,,,,large,437,600,fit,,,,,,,,,,,,,,
Twitter Recent Michigan Football Tweets,Wed Mar 02 20:14:02 +0000 2016,7.05124E+17,7.05124E+17,Baseball isn't the only fun we're having today. Khalid and Channing are having a blast at mini golf. https://t.co/mKPakp52Zq,FALSE,"<a href=""http://twitter.com/download/iphone"" rel=""nofollow"">Twitter for iPhone</a>",null,null,null,null,null,27902825,27902825,Michigan Football,umichfootball,"Ann Arbor, Michigan",Official Twitter account of University of Michigan Football. Tweeting scores & news from the field. #GoBlue,http://t.co/zGQgWjW6q8,http://t.co/zGQgWjW6q8,http://MGoBlue.com,MGoBlue.com,0,22,FALSE,387426,373,2882,Tue Mar 31 16:18:57 +0000 2009,963,-18000,Eastern Time (US & Canada),TRUE,TRUE,15553,en,FALSE,FALSE,FALSE,4.00E+43,http://pbs.twimg.com/profile_background_images/378800000063171941/204cd17d9fcd051349ca09029218f2ce.jpeg,https://pbs.twimg.com/profile_background_images/378800000063171941/204cd17d9fcd051349ca09029218f2ce.jpeg,FALSE,http://pbs.twimg.com/profile_images/479660271942656000/k8p1Z5Ez_normal.jpeg,https://pbs.twimg.com/profile_images/479660271942656000/k8p1Z5Ez_normal.jpeg,https://pbs.twimg.com/profile_banners/27902825/1456512585,0084B4,FFFFFF,DDFFCC,333333,TRUE,FALSE,FALSE,FALSE,FALSE,FALSE,FALSE,null,null,null,null,,,,,,,,,,,,,,,,,,,,,,,,,,,,,,,,,,,,,,,,,,,,,,,,,,,,,,,,,,,,,,,,,,,,,,,,,,,,,,,,,,,,,,,,,,,,,,,,,,,,,,,,,,,,,,FALSE,51,197,,,,,,,,,,,,,,,7.05123E+17,7.05123E+17,101,124,http://pbs.twimg.com/ext_tw_video_thumb/705123379024515072/pu/img/yH5wZHUJt9MTnyqf.jpg,https://pbs.twimg.com/ext_tw_video_thumb/705123379024515072/pu/img/yH5wZHUJt9MTnyqf.jpg,https://t.co/mKPakp52Zq,pic.twitter.com/mKPakp52Zq,http://twitter.com/umichfootball/status/705124022636380162/video/1,photo,small,340,604,fit,,,,,7.05123E+17,7.05123E+17,101,124,http://pbs.twimg.com/ext_tw_video_thumb/705123379024515072/pu/img/yH5wZHUJt9MTnyqf.jpg,https://pbs.twimg.com/ext_tw_video_thumb/705123379024515072/pu/img/yH5wZHUJt9MTnyqf.jpg,https://t.co/mKPakp52Zq,pic.twitter.com/mKPakp52Zq,http://twitter.com/umichfootball/status/705124022636380162/video/1,video,small,340,604,fit,,,,,9,16,14209,320000,video/mp4,https://video.twimg.com/ext_tw_video/705123379024515072/pu/vid/180x320/KQZHaxIz5e2Lbd0w.mp4,FALSE,FALSE,FALSE,en
Twitter Recent Michigan Football Tweets,,,,,,,,,,,,,,,,,,,,,,,,,,,,,,,,,,,,,,,,,,,,,,,,,,,,,,,,,,,,,,,,,,,,,,,,,,,,,,,,,,,,,,,,,,,,,,,,,,,,,,,,,,,,,,,,,,,,,,,,,,,,,,,,,,,,,,,,,,,,,,,,,,,,,,,,,,,,,,,,,,,,,,,,,,,,,,,,,,,,,,,,,,,,,,,,,,,,,large,720,1280,fit,,,,,,,,,,,,,,,large,720,1280,fit,,,,,,,,832000,video/webm,https://video.twimg.com/ext_tw_video/705123379024515072/pu/vid/360x640/h5ceVkDpDlOhzUdS.webm,,,,
Twitter Recent Michigan Football Tweets,,,,,,,,,,,,,,,,,,,,,,,,,,,,,,,,,,,,,,,,,,,,,,,,,,,,,,,,,,,,,,,,,,,,,,,,,,,,,,,,,,,,,,,,,,,,,,,,,,,,,,,,,,,,,,,,,,,,,,,,,,,,,,,,,,,,,,,,,,,,,,,,,,,,,,,,,,,,,,,,,,,,,,,,,,,,,,,,,,,,,,,,,,,,,,,,,,,,,thumb,150,150,crop,,,,,,,,,,,,,,,thumb,150,150,crop,,,,,,,,,application/x-mpegURL,https://video.twimg.com/ext_tw_video/705123379024515072/pu/pl/Nj_r2te-k72OJHlR.m3u8,,,,
Twitter Recent Michigan Football Tweets,,,,,,,,,,,,,,,,,,,,,,,,,,,,,,,,,,,,,,,,,,,,,,,,,,,,,,,,,,,,,,,,,,,,,,,,,,,,,,,,,,,,,,,,,,,,,,,,,,,,,,,,,,,,,,,,,,,,,,,,,,,,,,,,,,,,,,,,,,,,,,,,,,,,,,,,,,,,,,,,,,,,,,,,,,,,,,,,,,,,,,,,,,,,,,,,,,,,,medium,600,1067,fit,,,,,,,,,,,,,,,medium,600,1067,fit,,,,,,,,2176000,video/mp4,https://video.twimg.com/ext_tw_video/705123379024515072/pu/vid/720x1280/PHAZ5MD_vMIvDwDv.mp4,,,,
Twitter Recent Michigan Football Tweets,,,,,,,,,,,,,,,,,,,,,,,,,,,,,,,,,,,,,,,,,,,,,,,,,,,,,,,,,,,,,,,,,,,,,,,,,,,,,,,,,,,,,,,,,,,,,,,,,,,,,,,,,,,,,,,,,,,,,,,,,,,,,,,,,,,,,,,,,,,,,,,,,,,,,,,,,,,,,,,,,,,,,,,,,,,,,,,,,,,,,,,,,,,,,,,,,,,,,,,,,,,,,,,,,,,,,,,,,,,,,,,,,,,application/dash+xml,https://video.twimg.com/ext_tw_video/705123379024515072/pu/pl/Nj_r2te-k72OJHlR.mpd,,,,
Twitter Recent Michigan Football Tweets,,,,,,,,,,,,,,,,,,,,,,,,,,,,,,,,,,,,,,,,,,,,,,,,,,,,,,,,,,,,,,,,,,,,,,,,,,,,,,,,,,,,,,,,,,,,,,,,,,,,,,,,,,,,,,,,,,,,,,,,,,,,,,,,,,,,,,,,,,,,,,,,,,,,,,,,,,,,,,,,,,,,,,,,,,,,,,,,,,,,,,,,,,,,,,,,,,,,,,,,,,,,,,,,,,,,,,,,,,,,,,,,,,832000,video/mp4,https://video.twimg.com/ext_tw_video/705123379024515072/pu/vid/360x640/h5ceVkDpDlOhzUdS.mp4,,,,
Twitter Recent Michigan Football Tweets,Wed Mar 02 18:26:38 +0000 2016,7.05097E+17,7.05097E+17,Off and running! Four runs in the first for the @tigers. All from great first base coaching of course! https://t.co/vA2atBfZlN,FALSE,"<a href=""http://twitter.com/download/iphone"" rel=""nofollow"">Twitter for iPhone</a>",null,null,null,null,null,27902825,27902825,Michigan Football,umichfootball,"Ann Arbor, Michigan",Official Twitter account of University of Michigan Football. Tweeting scores & news from the field. #GoBlue,http://t.co/zGQgWjW6q8,http://t.co/zGQgWjW6q8,http://MGoBlue.com,MGoBlue.com,0,22,FALSE,387426,373,2882,Tue Mar 31 16:18:57 +0000 2009,963,-18000,Eastern Time (US & Canada),TRUE,TRUE,15553,en,FALSE,FALSE,FALSE,4.00E+43,http://pbs.twimg.com/profile_background_images/378800000063171941/204cd17d9fcd051349ca09029218f2ce.jpeg,https://pbs.twimg.com/profile_background_images/378800000063171941/204cd17d9fcd051349ca09029218f2ce.jpeg,FALSE,http://pbs.twimg.com/profile_images/479660271942656000/k8p1Z5Ez_normal.jpeg,https://pbs.twimg.com/profile_images/479660271942656000/k8p1Z5Ez_normal.jpeg,https://pbs.twimg.com/profile_banners/27902825/1456512585,0084B4,FFFFFF,DDFFCC,333333,TRUE,FALSE,FALSE,FALSE,FALSE,FALSE,FALSE,null,null,null,null,,,,,,,,,,,,,,,,,,,,,,,,,,,,,,,,,,,,,,,,,,,,,,,,,,,,,,,,,,,,,,,,,,,,,,,,,,,,,,,,,,,,,,,,,,,,,,,,,,,,,,,,,,,,,,FALSE,121,337,,,,,,,,,tigers,Detroit Tigers,30008146,30008146,48,55,7.05096E+17,7.05096E+17,103,126,http://pbs.twimg.com/ext_tw_video_thumb/705096437059735557/pu/img/WOoJIarTcF3NCcSZ.jpg,https://pbs.twimg.com/ext_tw_video_thumb/705096437059735557/pu/img/WOoJIarTcF3NCcSZ.jpg,https://t.co/vA2atBfZlN,pic.twitter.com/vA2atBfZlN,http://twitter.com/umichfootball/status/705096994608553989/video/1,photo,thumb,150,150,crop,,,,,7.05096E+17,7.05096E+17,103,126,http://pbs.twimg.com/ext_tw_video_thumb/705096437059735557/pu/img/WOoJIarTcF3NCcSZ.jpg,https://pbs.twimg.com/ext_tw_video_thumb/705096437059735557/pu/img/WOoJIarTcF3NCcSZ.jpg,https://t.co/vA2atBfZlN,pic.twitter.com/vA2atBfZlN,http://twitter.com/umichfootball/status/705096994608553989/video/1,video,thumb,150,150,crop,,,,,16,9,10537,,application/x-mpegURL,https://video.twimg.com/ext_tw_video/705096437059735557/pu/pl/zAm4WcSXbDDCAdPl.m3u8,FALSE,FALSE,FALSE,en
Twitter Recent Michigan Football Tweets,,,,,,,,,,,,,,,,,,,,,,,,,,,,,,,,,,,,,,,,,,,,,,,,,,,,,,,,,,,,,,,,,,,,,,,,,,,,,,,,,,,,,,,,,,,,,,,,,,,,,,,,,,,,,,,,,,,,,,,,,,,,,,,,,,,,,,,,,,,,,,,,,,,,,,,,,,,,,,,,,,,,,,,,,,,,,,,,,,,,,,,,,,,,,,,,,,,,,medium,600,338,fit,,,,,,,,,,,,,,,medium,600,338,fit,,,,,,,,320000,video/mp4,https://video.twimg.com/ext_tw_video/705096437059735557/pu/vid/320x180/6SNORPIlOu7rlt9a.mp4,,,,
Twitter Recent Michigan Football Tweets,,,,,,,,,,,,,,,,,,,,,,,,,,,,,,,,,,,,,,,,,,,,,,,,,,,,,,,,,,,,,,,,,,,,,,,,,,,,,,,,,,,,,,,,,,,,,,,,,,,,,,,,,,,,,,,,,,,,,,,,,,,,,,,,,,,,,,,,,,,,,,,,,,,,,,,,,,,,,,,,,,,,,,,,,,,,,,,,,,,,,,,,,,,,,,,,,,,,,small,340,191,fit,,,,,,,,,,,,,,,small,340,191,fit,,,,,,,,2176000,video/mp4,https://video.twimg.com/ext_tw_video/705096437059735557/pu/vid/1280x720/aG01rgZum5ZicUq-.mp4,,,,
Twitter Recent Michigan Football Tweets,,,,,,,,,,,,,,,,,,,,,,,,,,,,,,,,,,,,,,,,,,,,,,,,,,,,,,,,,,,,,,,,,,,,,,,,,,,,,,,,,,,,,,,,,,,,,,,,,,,,,,,,,,,,,,,,,,,,,,,,,,,,,,,,,,,,,,,,,,,,,,,,,,,,,,,,,,,,,,,,,,,,,,,,,,,,,,,,,,,,,,,,,,,,,,,,,,,,,large,1024,576,fit,,,,,,,,,,,,,,,large,1024,576,fit,,,,,,,,,application/dash+xml,https://video.twimg.com/ext_tw_video/705096437059735557/pu/pl/zAm4WcSXbDDCAdPl.mpd,,,,
Twitter Recent Michigan Football Tweets,,,,,,,,,,,,,,,,,,,,,,,,,,,,,,,,,,,,,,,,,,,,,,,,,,,,,,,,,,,,,,,,,,,,,,,,,,,,,,,,,,,,,,,,,,,,,,,,,,,,,,,,,,,,,,,,,,,,,,,,,,,,,,,,,,,,,,,,,,,,,,,,,,,,,,,,,,,,,,,,,,,,,,,,,,,,,,,,,,,,,,,,,,,,,,,,,,,,,,,,,,,,,,,,,,,,,,,,,,,,,,,,,,832000,video/mp4,https://video.twimg.com/ext_tw_video/705096437059735557/pu/vid/640x360/wsSsShoS-ZQjFeuN.mp4,,,,
Twitter Recent Michigan Football Tweets,,,,,,,,,,,,,,,,,,,,,,,,,,,,,,,,,,,,,,,,,,,,,,,,,,,,,,,,,,,,,,,,,,,,,,,,,,,,,,,,,,,,,,,,,,,,,,,,,,,,,,,,,,,,,,,,,,,,,,,,,,,,,,,,,,,,,,,,,,,,,,,,,,,,,,,,,,,,,,,,,,,,,,,,,,,,,,,,,,,,,,,,,,,,,,,,,,,,,,,,,,,,,,,,,,,,,,,,,,,,,,,,,,832000,video/webm,https://video.twimg.com/ext_tw_video/705096437059735557/pu/vid/640x360/wsSsShoS-ZQjFeuN.webm,,,,
Twitter Recent Michigan Football Tweets,Wed Mar 02 18:21:42 +0000 2016,7.05096E+17,7.05096E+17,RT @tigers: Looking good @CoachJim4UM! ?? https://t.co/XRAnHmGNu0,FALSE,"<a href=""https://about.twitter.com/products/tweetdeck"" rel=""nofollow"">TweetDeck</a>",null,null,null,null,null,27902825,27902825,Michigan Football,umichfootball,"Ann Arbor, Michigan",Official Twitter account of University of Michigan Football. Tweeting scores & news from the field. #GoBlue,http://t.co/zGQgWjW6q8,http://t.co/zGQgWjW6q8,http://MGoBlue.com,MGoBlue.com,0,22,FALSE,387426,373,2882,Tue Mar 31 16:18:57 +0000 2009,963,-18000,Eastern Time (US & Canada),TRUE,TRUE,15553,en,FALSE,FALSE,FALSE,4.00E+43,http://pbs.twimg.com/profile_background_images/378800000063171941/204cd17d9fcd051349ca09029218f2ce.jpeg,https://pbs.twimg.com/profile_background_images/378800000063171941/204cd17d9fcd051349ca09029218f2ce.jpeg,FALSE,http://pbs.twimg.com/profile_images/479660271942656000/k8p1Z5Ez_normal.jpeg,https://pbs.twimg.com/profile_images/479660271942656000/k8p1Z5Ez_normal.jpeg,https://pbs.twimg.com/profile_banners/27902825/1456512585,0084B4,FFFFFF,DDFFCC,333333,TRUE,FALSE,FALSE,FALSE,FALSE,FALSE,FALSE,null,null,null,null,Wed Mar 02 18:14:42 +0000 2016,7.05094E+17,7.05094E+17,Looking good @CoachJim4UM! ?? https://t.co/XRAnHmGNu0,FALSE,"<a href=""http://twitter.com/download/iphone"" rel=""nofollow"">Twitter for iPhone</a>",null,null,null,null,null,30008146,30008146,Detroit Tigers,tigers,Comerica Park,Official Twitter feed of the Detroit Tigers Front Office. Follow us on Snapchat: tigers,https://t.co/Njv5lz7Mx1,https://t.co/Njv5lz7Mx1,http://tigers.com,tigers.com,0,23,FALSE,795924,596,5155,Thu Apr 09 15:50:36 +0000 2009,11221,-18000,Eastern Time (US & Canada),TRUE,TRUE,24877,en,FALSE,FALSE,TRUE,22330,http://pbs.twimg.com/profile_background_images/616873118636867584/Li-sfOln.jpg,https://pbs.twimg.com/profile_background_images/616873118636867584/Li-sfOln.jpg,FALSE,http://pbs.twimg.com/profile_images/688001025161101312/sNOvER8N_normal.jpg,https://pbs.twimg.com/profile_images/688001025161101312/sNOvER8N_normal.jpg,https://pbs.twimg.com/profile_banners/30008146/1452867130,0084B4,0,0,0,TRUE,FALSE,FALSE,FALSE,TRUE,FALSE,FALSE,null,null,null,null,FALSE,646,1200,,,,CoachJim4UM,Coach Harbaugh,2955596087,2955596087,13,25,,,,,,7.05094E+17,7.05094E+17,29,52,http://pbs.twimg.com/media/Ccj_OWOXEAIRQ-2.jpg,https://pbs.twimg.com/media/Ccj_OWOXEAIRQ-2.jpg,https://t.co/XRAnHmGNu0,pic.twitter.com/XRAnHmGNu0,http://twitter.com/tigers/status/705093993244315648/photo/1,photo,large,1024,1024,fit,7.05094E+17,7.05094E+17,29,52,http://pbs.twimg.com/media/Ccj_OWOXEAIRQ-2.jpg,https://pbs.twimg.com/media/Ccj_OWOXEAIRQ-2.jpg,https://t.co/XRAnHmGNu0,pic.twitter.com/XRAnHmGNu0,http://twitter.com/tigers/status/705093993244315648/photo/1,photo,large,1024,1024,fit,FALSE,FALSE,FALSE,en,FALSE,646,0,,,,,,,,,tigers,Detroit Tigers,30008146,30008146,3,10,7.05094E+17,7.05094E+17,41,64,http://pbs.twimg.com/media/Ccj_OWOXEAIRQ-2.jpg,https://pbs.twimg.com/media/Ccj_OWOXEAIRQ-2.jpg,https://t.co/XRAnHmGNu0,pic.twitter.com/XRAnHmGNu0,http://twitter.com/tigers/status/705093993244315648/photo/1,photo,large,1024,1024,fit,7.05094E+17,7.05094E+17,30008146,30008146,7.05094E+17,7.05094E+17,41,64,http://pbs.twimg.com/media/Ccj_OWOXEAIRQ-2.jpg,https://pbs.twimg.com/media/Ccj_OWOXEAIRQ-2.jpg,https://t.co/XRAnHmGNu0,pic.twitter.com/XRAnHmGNu0,http://twitter.com/tigers/status/705093993244315648/photo/1,photo,large,1024,1024,fit,7.05094E+17,7.05094E+17,30008146,30008146,,,,,,,FALSE,FALSE,FALSE,en
Twitter Recent Michigan Football Tweets,,,,,,,,,,,,,,,,,,,,,,,,,,,,,,,,,,,,,,,,,,,,,,,,,,,,,,,,,,,,,,,,,,,,,,,,,,,,,,,,,,,,,,,,,,,,,,,,,,,,,,,,,,,,,,,,,,,,,,,,,,,,,,,,,,,,,,,,,,,,,,,,,,,,medium,600,600,fit,,,,,,,,,,,medium,600,600,fit,,,,,,,,,,,,,,,,CoachJim4UM,Coach Harbaugh,2955596087,2955596087,25,37,,,,,,,,,,,medium,600,600,fit,,,,,,,,,,,,,,,medium,600,600,fit,,,,,,,,,,,,,,
Twitter Recent Michigan Football Tweets,,,,,,,,,,,,,,,,,,,,,,,,,,,,,,,,,,,,,,,,,,,,,,,,,,,,,,,,,,,,,,,,,,,,,,,,,,,,,,,,,,,,,,,,,,,,,,,,,,,,,,,,,,,,,,,,,,,,,,,,,,,,,,,,,,,,,,,,,,,,,,,,,,,,small,340,340,fit,,,,,,,,,,,small,340,340,fit,,,,,,,,,,,,,,,,,,,,,,,,,,,,,,,,small,340,340,fit,,,,,,,,,,,,,,,small,340,340,fit,,,,,,,,,,,,,,
Twitter Recent Michigan Football Tweets,,,,,,,,,,,,,,,,,,,,,,,,,,,,,,,,,,,,,,,,,,,,,,,,,,,,,,,,,,,,,,,,,,,,,,,,,,,,,,,,,,,,,,,,,,,,,,,,,,,,,,,,,,,,,,,,,,,,,,,,,,,,,,,,,,,,,,,,,,,,,,,,,,,,thumb,150,150,crop,,,,,,,,,,,thumb,150,150,crop,,,,,,,,,,,,,,,,,,,,,,,,,,,,,,,,thumb,150,150,crop,,,,,,,,,,,,,,,thumb,150,150,crop,,,,,,,,,,,,,,
Twitter Recent Michigan Football Tweets,Wed Mar 02 18:06:07 +0000 2016,7.05092E+17,7.05092E+17,RT @tigers: .@BradAusmus07 & @CoachJim4UM ?? https://t.co/XiRluCUJm0,FALSE,"<a href=""http://twitter.com/download/iphone"" rel=""nofollow"">Twitter for iPhone</a>",null,null,null,null,null,27902825,27902825,Michigan Football,umichfootball,"Ann Arbor, Michigan",Official Twitter account of University of Michigan Football. Tweeting scores & news from the field. #GoBlue,http://t.co/zGQgWjW6q8,http://t.co/zGQgWjW6q8,http://MGoBlue.com,MGoBlue.com,0,22,FALSE,387426,373,2882,Tue Mar 31 16:18:57 +0000 2009,963,-18000,Eastern Time (US & Canada),TRUE,TRUE,15553,en,FALSE,FALSE,FALSE,4.00E+43,http://pbs.twimg.com/profile_background_images/378800000063171941/204cd17d9fcd051349ca09029218f2ce.jpeg,https://pbs.twimg.com/profile_background_images/378800000063171941/204cd17d9fcd051349ca09029218f2ce.jpeg,FALSE,http://pbs.twimg.com/profile_images/479660271942656000/k8p1Z5Ez_normal.jpeg,https://pbs.twimg.com/profile_images/479660271942656000/k8p1Z5Ez_normal.jpeg,https://pbs.twimg.com/profile_banners/27902825/1456512585,0084B4,FFFFFF,DDFFCC,333333,TRUE,FALSE,FALSE,FALSE,FALSE,FALSE,FALSE,null,null,null,null,Wed Mar 02 17:49:23 +0000 2016,7.05088E+17,7.05088E+17,.@BradAusmus07 & @CoachJim4UM ?? https://t.co/XiRluCUJm0,FALSE,"<a href=""http://twitter.com/download/iphone"" rel=""nofollow"">Twitter for iPhone</a>",null,null,null,null,null,30008146,30008146,Detroit Tigers,tigers,Comerica Park,Official Twitter feed of the Detroit Tigers Front Office. Follow us on Snapchat: tigers,https://t.co/Njv5lz7Mx1,https://t.co/Njv5lz7Mx1,http://tigers.com,tigers.com,0,23,FALSE,795924,596,5155,Thu Apr 09 15:50:36 +0000 2009,11221,-18000,Eastern Time (US & Canada),TRUE,TRUE,24877,en,FALSE,FALSE,TRUE,22330,http://pbs.twimg.com/profile_background_images/616873118636867584/Li-sfOln.jpg,https://pbs.twimg.com/profile_background_images/616873118636867584/Li-sfOln.jpg,FALSE,http://pbs.twimg.com/profile_images/688001025161101312/sNOvER8N_normal.jpg,https://pbs.twimg.com/profile_images/688001025161101312/sNOvER8N_normal.jpg,https://pbs.twimg.com/profile_banners/30008146/1452867130,0084B4,0,0,0,TRUE,FALSE,FALSE,FALSE,TRUE,FALSE,FALSE,null,null,null,null,FALSE,357,881,,,,BradAusmus07,Brad Ausmus,3055857760,3055857760,1,14,,,,,,7.05088E+17,7.05088E+17,36,59,http://pbs.twimg.com/media/Ccj5cC3UEAALKNL.jpg,https://pbs.twimg.com/media/Ccj5cC3UEAALKNL.jpg,https://t.co/XiRluCUJm0,pic.twitter.com/XiRluCUJm0,http://twitter.com/tigers/status/705087619735146497/photo/1,photo,large,1024,576,fit,7.05088E+17,7.05088E+17,36,59,http://pbs.twimg.com/media/Ccj5cC3UEAALKNL.jpg,https://pbs.twimg.com/media/Ccj5cC3UEAALKNL.jpg,https://t.co/XiRluCUJm0,pic.twitter.com/XiRluCUJm0,http://twitter.com/tigers/status/705087619735146497/photo/1,photo,large,1024,576,fit,FALSE,FALSE,FALSE,und,FALSE,357,0,,,,,,,,,tigers,Detroit Tigers,30008146,30008146,3,10,7.05088E+17,7.05088E+17,48,71,http://pbs.twimg.com/media/Ccj5cC3UEAALKNL.jpg,https://pbs.twimg.com/media/Ccj5cC3UEAALKNL.jpg,https://t.co/XiRluCUJm0,pic.twitter.com/XiRluCUJm0,http://twitter.com/tigers/status/705087619735146497/photo/1,photo,large,1024,576,fit,7.05088E+17,7.05088E+17,30008146,30008146,7.05088E+17,7.05088E+17,48,71,http://pbs.twimg.com/media/Ccj5cC3UEAALKNL.jpg,https://pbs.twimg.com/media/Ccj5cC3UEAALKNL.jpg,https://t.co/XiRluCUJm0,pic.twitter.com/XiRluCUJm0,http://twitter.com/tigers/status/705087619735146497/photo/1,photo,large,1024,576,fit,7.05088E+17,7.05088E+17,30008146,30008146,,,,,,,FALSE,FALSE,FALSE,und
Twitter Recent Michigan Football Tweets,,,,,,,,,,,,,,,,,,,,,,,,,,,,,,,,,,,,,,,,,,,,,,,,,,,,,,,,,,,,,,,,,,,,,,,,,,,,,,,,,,,,,,,,,,,,,,,,,,,,,,,,,,,,,,,,,,,,,,,,,,,,,,,CoachJim4UM,Coach Harbaugh,2955596087,2955596087,21,33,,,,,,,,,,,,,,,,small,340,191,fit,,,,,,,,,,,small,340,191,fit,,,,,,,,,,,,,,,,BradAusmus07,Brad Ausmus,3055857760,3055857760,13,26,,,,,,,,,,,small,340,191,fit,,,,,,,,,,,,,,,small,340,191,fit,,,,,,,,,,,,,,
Twitter Recent Michigan Football Tweets,,,,,,,,,,,,,,,,,,,,,,,,,,,,,,,,,,,,,,,,,,,,,,,,,,,,,,,,,,,,,,,,,,,,,,,,,,,,,,,,,,,,,,,,,,,,,,,,,,,,,,,,,,,,,,,,,,,,,,,,,,,,,,,,,,,,,,,,,,,,,,,,,,,,medium,600,338,fit,,,,,,,,,,,medium,600,338,fit,,,,,,,,,,,,,,,,CoachJim4UM,Coach Harbaugh,2955596087,2955596087,33,45,,,,,,,,,,,medium,600,338,fit,,,,,,,,,,,,,,,medium,600,338,fit,,,,,,,,,,,,,,
Twitter Recent Michigan Football Tweets,,,,,,,,,,,,,,,,,,,,,,,,,,,,,,,,,,,,,,,,,,,,,,,,,,,,,,,,,,,,,,,,,,,,,,,,,,,,,,,,,,,,,,,,,,,,,,,,,,,,,,,,,,,,,,,,,,,,,,,,,,,,,,,,,,,,,,,,,,,,,,,,,,,,thumb,150,150,crop,,,,,,,,,,,thumb,150,150,crop,,,,,,,,,,,,,,,,,,,,,,,,,,,,,,,,thumb,150,150,crop,,,,,,,,,,,,,,,thumb,150,150,crop,,,,,,,,,,,,,,
Twitter Recent Michigan Football Tweets,Wed Mar 02 18:04:31 +0000 2016,7.05091E+17,7.05091E+17,"Thanks for the picture, @BradAusmus07! https://t.co/HUA8WIFniY",FALSE,"<a href=""http://twitter.com/download/iphone"" rel=""nofollow"">Twitter for iPhone</a>",null,null,null,null,null,27902825,27902825,Michigan Football,umichfootball,"Ann Arbor, Michigan",Official Twitter account of University of Michigan Football. Tweeting scores & news from the field. #GoBlue,http://t.co/zGQgWjW6q8,http://t.co/zGQgWjW6q8,http://MGoBlue.com,MGoBlue.com,0,22,FALSE,387426,373,2882,Tue Mar 31 16:18:57 +0000 2009,963,-18000,Eastern Time (US & Canada),TRUE,TRUE,15553,en,FALSE,FALSE,FALSE,4.00E+43,http://pbs.twimg.com/profile_background_images/378800000063171941/204cd17d9fcd051349ca09029218f2ce.jpeg,https://pbs.twimg.com/profile_background_images/378800000063171941/204cd17d9fcd051349ca09029218f2ce.jpeg,FALSE,http://pbs.twimg.com/profile_images/479660271942656000/k8p1Z5Ez_normal.jpeg,https://pbs.twimg.com/profile_images/479660271942656000/k8p1Z5Ez_normal.jpeg,https://pbs.twimg.com/profile_banners/27902825/1456512585,0084B4,FFFFFF,DDFFCC,333333,TRUE,FALSE,FALSE,FALSE,FALSE,FALSE,FALSE,null,null,null,null,,,,,,,,,,,,,,,,,,,,,,,,,,,,,,,,,,,,,,,,,,,,,,,,,,,,,,,,,,,,,,,,,,,,,,,,,,,,,,,,,,,,,,,,,,,,,,,,,,,,,,,,,,,,,,FALSE,186,554,,,,,,,,,BradAusmus07,Brad Ausmus,3055857760,3055857760,24,37,7.05091E+17,7.05091E+17,39,62,http://pbs.twimg.com/media/Ccj849xWwAA6iu_.jpg,https://pbs.twimg.com/media/Ccj849xWwAA6iu_.jpg,https://t.co/HUA8WIFniY,pic.twitter.com/HUA8WIFniY,http://twitter.com/umichfootball/status/705091430017064961/photo/1,photo,medium,600,796,fit,,,,,7.05091E+17,7.05091E+17,39,62,http://pbs.twimg.com/media/Ccj849xWwAA6iu_.jpg,https://pbs.twimg.com/media/Ccj849xWwAA6iu_.jpg,https://t.co/HUA8WIFniY,pic.twitter.com/HUA8WIFniY,http://twitter.com/umichfootball/status/705091430017064961/photo/1,photo,medium,600,796,fit,,,,,,,,,,,FALSE,FALSE,FALSE,en
Twitter Recent Michigan Football Tweets,,,,,,,,,,,,,,,,,,,,,,,,,,,,,,,,,,,,,,,,,,,,,,,,,,,,,,,,,,,,,,,,,,,,,,,,,,,,,,,,,,,,,,,,,,,,,,,,,,,,,,,,,,,,,,,,,,,,,,,,,,,,,,,,,,,,,,,,,,,,,,,,,,,,,,,,,,,,,,,,,,,,,,,,,,,,,,,,,,,,,,,,,,,,,,,,,,,,,small,340,451,fit,,,,,,,,,,,,,,,small,340,451,fit,,,,,,,,,,,,,,
Twitter Recent Michigan Football Tweets,,,,,,,,,,,,,,,,,,,,,,,,,,,,,,,,,,,,,,,,,,,,,,,,,,,,,,,,,,,,,,,,,,,,,,,,,,,,,,,,,,,,,,,,,,,,,,,,,,,,,,,,,,,,,,,,,,,,,,,,,,,,,,,,,,,,,,,,,,,,,,,,,,,,,,,,,,,,,,,,,,,,,,,,,,,,,,,,,,,,,,,,,,,,,,,,,,,,,thumb,150,150,crop,,,,,,,,,,,,,,,thumb,150,150,crop,,,,,,,,,,,,,,
Twitter Recent Michigan Football Tweets,,,,,,,,,,,,,,,,,,,,,,,,,,,,,,,,,,,,,,,,,,,,,,,,,,,,,,,,,,,,,,,,,,,,,,,,,,,,,,,,,,,,,,,,,,,,,,,,,,,,,,,,,,,,,,,,,,,,,,,,,,,,,,,,,,,,,,,,,,,,,,,,,,,,,,,,,,,,,,,,,,,,,,,,,,,,,,,,,,,,,,,,,,,,,,,,,,,,,large,1024,1358,fit,,,,,,,,,,,,,,,large,1024,1358,fit,,,,,,,,,,,,,,
Twitter Recent Michigan Football Tweets,Wed Mar 02 17:44:44 +0000 2016,7.05086E+17,7.05086E+17,"Looking good, @CoachJim4UM https://t.co/oeEHjgVbyu",FALSE,"<a href=""http://twitter.com/download/iphone"" rel=""nofollow"">Twitter for iPhone</a>",null,null,null,null,null,27902825,27902825,Michigan Football,umichfootball,"Ann Arbor, Michigan",Official Twitter account of University of Michigan Football. Tweeting scores & news from the field. #GoBlue,http://t.co/zGQgWjW6q8,http://t.co/zGQgWjW6q8,http://MGoBlue.com,MGoBlue.com,0,22,FALSE,387426,373,2882,Tue Mar 31 16:18:57 +0000 2009,963,-18000,Eastern Time (US & Canada),TRUE,TRUE,15553,en,FALSE,FALSE,FALSE,4.00E+43,http://pbs.twimg.com/profile_background_images/378800000063171941/204cd17d9fcd051349ca09029218f2ce.jpeg,https://pbs.twimg.com/profile_background_images/378800000063171941/204cd17d9fcd051349ca09029218f2ce.jpeg,FALSE,http://pbs.twimg.com/profile_images/479660271942656000/k8p1Z5Ez_normal.jpeg,https://pbs.twimg.com/profile_images/479660271942656000/k8p1Z5Ez_normal.jpeg,https://pbs.twimg.com/profile_banners/27902825/1456512585,0084B4,FFFFFF,DDFFCC,333333,TRUE,FALSE,FALSE,FALSE,FALSE,FALSE,FALSE,null,null,null,null,,,,,,,,,,,,,,,,,,,,,,,,,,,,,,,,,,,,,,,,,,,,,,,,,,,,,,,,,,,,,,,,,,,,,,,,,,,,,,,,,,,,,,,,,,,,,,,,,,,,,,,,,,,,,,FALSE,444,831,,,,,,,,,CoachJim4UM,Coach Harbaugh,2955596087,2955596087,14,26,7.05086E+17,7.05086E+17,27,50,http://pbs.twimg.com/media/Ccj4U3AW8AA0GTS.jpg,https://pbs.twimg.com/media/Ccj4U3AW8AA0GTS.jpg,https://t.co/oeEHjgVbyu,pic.twitter.com/oeEHjgVbyu,http://twitter.com/umichfootball/status/705086450224726016/photo/1,photo,large,1024,768,fit,,,,,7.05086E+17,7.05086E+17,27,50,http://pbs.twimg.com/media/Ccj4U3AW8AA0GTS.jpg,https://pbs.twimg.com/media/Ccj4U3AW8AA0GTS.jpg,https://t.co/oeEHjgVbyu,pic.twitter.com/oeEHjgVbyu,http://twitter.com/umichfootball/status/705086450224726016/photo/1,photo,large,1024,768,fit,,,,,,,,,,,FALSE,FALSE,FALSE,en
Twitter Recent Michigan Football Tweets,,,,,,,,,,,,,,,,,,,,,,,,,,,,,,,,,,,,,,,,,,,,,,,,,,,,,,,,,,,,,,,,,,,,,,,,,,,,,,,,,,,,,,,,,,,,,,,,,,,,,,,,,,,,,,,,,,,,,,,,,,,,,,,,,,,,,,,,,,,,,,,,,,,,,,,,,,,,,,,,,,,,,,,,,,,,,,,,,,,,,,,,,,,,,,,,,,,,,thumb,150,150,crop,,,,,,,,,,,,,,,thumb,150,150,crop,,,,,,,,,,,,,,
Twitter Recent Michigan Football Tweets,,,,,,,,,,,,,,,,,,,,,,,,,,,,,,,,,,,,,,,,,,,,,,,,,,,,,,,,,,,,,,,,,,,,,,,,,,,,,,,,,,,,,,,,,,,,,,,,,,,,,,,,,,,,,,,,,,,,,,,,,,,,,,,,,,,,,,,,,,,,,,,,,,,,,,,,,,,,,,,,,,,,,,,,,,,,,,,,,,,,,,,,,,,,,,,,,,,,,medium,600,450,fit,,,,,,,,,,,,,,,medium,600,450,fit,,,,,,,,,,,,,,
Twitter Recent Michigan Football Tweets,,,,,,,,,,,,,,,,,,,,,,,,,,,,,,,,,,,,,,,,,,,,,,,,,,,,,,,,,,,,,,,,,,,,,,,,,,,,,,,,,,,,,,,,,,,,,,,,,,,,,,,,,,,,,,,,,,,,,,,,,,,,,,,,,,,,,,,,,,,,,,,,,,,,,,,,,,,,,,,,,,,,,,,,,,,,,,,,,,,,,,,,,,,,,,,,,,,,,small,340,255,fit,,,,,,,,,,,,,,,small,340,255,fit,,,,,,,,,,,,,,
Twitter Recent Michigan Football Tweets,,,,,,,,,,,,,,,,,,,,,,,,,,,,,,,,,,,,,,,,,,,,,,,,,,,,,,,,,,,,,,,,,,,,,,,,,,,,,,,,,,,,,,,,,,,,,,,,,,,,,,,,,,,,,,,,,,,,,,,,,,,,,,,,,,,,,,,,,,,,,,,,,,,,,,,,,,,,,,,,,,,,,,,,,,,,,,,,,,,,,,,,,,,,,,,,,,,,,,,,,,,,,7.05086E+17,7.05086E+17,27,50,http://pbs.twimg.com/media/Ccj4U5aW8AAGhoL.jpg,https://pbs.twimg.com/media/Ccj4U5aW8AAGhoL.jpg,https://t.co/oeEHjgVbyu,pic.twitter.com/oeEHjgVbyu,http://twitter.com/umichfootball/status/705086450224726016/photo/1,photo,large,1024,768,fit,,,,,,,,,,,,,,
Twitter Recent Michigan Football Tweets,,,,,,,,,,,,,,,,,,,,,,,,,,,,,,,,,,,,,,,,,,,,,,,,,,,,,,,,,,,,,,,,,,,,,,,,,,,,,,,,,,,,,,,,,,,,,,,,,,,,,,,,,,,,,,,,,,,,,,,,,,,,,,,,,,,,,,,,,,,,,,,,,,,,,,,,,,,,,,,,,,,,,,,,,,,,,,,,,,,,,,,,,,,,,,,,,,,,,,,,,,,,,,,,,,,,,,,thumb,150,150,crop,,,,,,,,,,,,,,
Twitter Recent Michigan Football Tweets,,,,,,,,,,,,,,,,,,,,,,,,,,,,,,,,,,,,,,,,,,,,,,,,,,,,,,,,,,,,,,,,,,,,,,,,,,,,,,,,,,,,,,,,,,,,,,,,,,,,,,,,,,,,,,,,,,,,,,,,,,,,,,,,,,,,,,,,,,,,,,,,,,,,,,,,,,,,,,,,,,,,,,,,,,,,,,,,,,,,,,,,,,,,,,,,,,,,,,,,,,,,,,,,,,,,,,,medium,600,450,fit,,,,,,,,,,,,,,
Twitter Recent Michigan Football Tweets,,,,,,,,,,,,,,,,,,,,,,,,,,,,,,,,,,,,,,,,,,,,,,,,,,,,,,,,,,,,,,,,,,,,,,,,,,,,,,,,,,,,,,,,,,,,,,,,,,,,,,,,,,,,,,,,,,,,,,,,,,,,,,,,,,,,,,,,,,,,,,,,,,,,,,,,,,,,,,,,,,,,,,,,,,,,,,,,,,,,,,,,,,,,,,,,,,,,,,,,,,,,,,,,,,,,,,,small,340,255,fit,,,,,,,,,,,,,,
Twitter Recent Michigan Football Tweets,Wed Mar 02 17:23:52 +0000 2016,7.05081E+17,7.05081E+17,Thanks to @Pirates manager Clint Hurdle for speaking to the team today! https://t.co/89RvRBanID,FALSE,"<a href=""http://twitter.com/download/iphone"" rel=""nofollow"">Twitter for iPhone</a>",null,null,null,null,null,27902825,27902825,Michigan Football,umichfootball,"Ann Arbor, Michigan",Official Twitter account of University of Michigan Football. Tweeting scores & news from the field. #GoBlue,http://t.co/zGQgWjW6q8,http://t.co/zGQgWjW6q8,http://MGoBlue.com,MGoBlue.com,0,22,FALSE,387426,373,2882,Tue Mar 31 16:18:57 +0000 2009,963,-18000,Eastern Time (US & Canada),TRUE,TRUE,15553,en,FALSE,FALSE,FALSE,4.00E+43,http://pbs.twimg.com/profile_background_images/378800000063171941/204cd17d9fcd051349ca09029218f2ce.jpeg,https://pbs.twimg.com/profile_background_images/378800000063171941/204cd17d9fcd051349ca09029218f2ce.jpeg,FALSE,http://pbs.twimg.com/profile_images/479660271942656000/k8p1Z5Ez_normal.jpeg,https://pbs.twimg.com/profile_images/479660271942656000/k8p1Z5Ez_normal.jpeg,https://pbs.twimg.com/profile_banners/27902825/1456512585,0084B4,FFFFFF,DDFFCC,333333,TRUE,FALSE,FALSE,FALSE,FALSE,FALSE,FALSE,null,null,null,null,,,,,,,,,,,,,,,,,,,,,,,,,,,,,,,,,,,,,,,,,,,,,,,,,,,,,,,,,,,,,,,,,,,,,,,,,,,,,,,,,,,,,,,,,,,,,,,,,,,,,,,,,,,,,,FALSE,136,458,,,,,,,,,Pirates,Pittsburgh Pirates,37947138,37947138,10,18,7.05081E+17,7.05081E+17,72,95,http://pbs.twimg.com/media/CcjzmV9W8AAh_vO.jpg,https://pbs.twimg.com/media/CcjzmV9W8AAh_vO.jpg,https://t.co/89RvRBanID,pic.twitter.com/89RvRBanID,http://twitter.com/umichfootball/status/705081199090376704/photo/1,photo,large,1024,768,fit,,,,,7.05081E+17,7.05081E+17,72,95,http://pbs.twimg.com/media/CcjzmV9W8AAh_vO.jpg,https://pbs.twimg.com/media/CcjzmV9W8AAh_vO.jpg,https://t.co/89RvRBanID,pic.twitter.com/89RvRBanID,http://twitter.com/umichfootball/status/705081199090376704/photo/1,photo,large,1024,768,fit,,,,,,,,,,,FALSE,FALSE,FALSE,en
Twitter Recent Michigan Football Tweets,,,,,,,,,,,,,,,,,,,,,,,,,,,,,,,,,,,,,,,,,,,,,,,,,,,,,,,,,,,,,,,,,,,,,,,,,,,,,,,,,,,,,,,,,,,,,,,,,,,,,,,,,,,,,,,,,,,,,,,,,,,,,,,,,,,,,,,,,,,,,,,,,,,,,,,,,,,,,,,,,,,,,,,,,,,,,,,,,,,,,,,,,,,,,,,,,,,,,thumb,150,150,crop,,,,,,,,,,,,,,,thumb,150,150,crop,,,,,,,,,,,,,,
Twitter Recent Michigan Football Tweets,,,,,,,,,,,,,,,,,,,,,,,,,,,,,,,,,,,,,,,,,,,,,,,,,,,,,,,,,,,,,,,,,,,,,,,,,,,,,,,,,,,,,,,,,,,,,,,,,,,,,,,,,,,,,,,,,,,,,,,,,,,,,,,,,,,,,,,,,,,,,,,,,,,,,,,,,,,,,,,,,,,,,,,,,,,,,,,,,,,,,,,,,,,,,,,,,,,,,medium,600,450,fit,,,,,,,,,,,,,,,medium,600,450,fit,,,,,,,,,,,,,,
Twitter Recent Michigan Football Tweets,,,,,,,,,,,,,,,,,,,,,,,,,,,,,,,,,,,,,,,,,,,,,,,,,,,,,,,,,,,,,,,,,,,,,,,,,,,,,,,,,,,,,,,,,,,,,,,,,,,,,,,,,,,,,,,,,,,,,,,,,,,,,,,,,,,,,,,,,,,,,,,,,,,,,,,,,,,,,,,,,,,,,,,,,,,,,,,,,,,,,,,,,,,,,,,,,,,,,small,340,255,fit,,,,,,,,,,,,,,,small,340,255,fit,,,,,,,,,,,,,,
Twitter Recent Michigan Football Tweets,Wed Mar 02 16:27:09 +0000 2016,7.05067E+17,7.05067E+17,Meet the new first base coach for the @tigers https://t.co/R7atnaNIyD,FALSE,"<a href=""http://twitter.com/download/iphone"" rel=""nofollow"">Twitter for iPhone</a>",null,null,null,null,null,27902825,27902825,Michigan Football,umichfootball,"Ann Arbor, Michigan",Official Twitter account of University of Michigan Football. Tweeting scores & news from the field. #GoBlue,http://t.co/zGQgWjW6q8,http://t.co/zGQgWjW6q8,http://MGoBlue.com,MGoBlue.com,0,22,FALSE,387426,373,2882,Tue Mar 31 16:18:57 +0000 2009,963,-18000,Eastern Time (US & Canada),TRUE,TRUE,15553,en,FALSE,FALSE,FALSE,4.00E+43,http://pbs.twimg.com/profile_background_images/378800000063171941/204cd17d9fcd051349ca09029218f2ce.jpeg,https://pbs.twimg.com/profile_background_images/378800000063171941/204cd17d9fcd051349ca09029218f2ce.jpeg,FALSE,http://pbs.twimg.com/profile_images/479660271942656000/k8p1Z5Ez_normal.jpeg,https://pbs.twimg.com/profile_images/479660271942656000/k8p1Z5Ez_normal.jpeg,https://pbs.twimg.com/profile_banners/27902825/1456512585,0084B4,FFFFFF,DDFFCC,333333,TRUE,FALSE,FALSE,FALSE,FALSE,FALSE,FALSE,null,null,null,null,,,,,,,,,,,,,,,,,,,,,,,,,,,,,,,,,,,,,,,,,,,,,,,,,,,,,,,,,,,,,,,,,,,,,,,,,,,,,,,,,,,,,,,,,,,,,,,,,,,,,,,,,,,,,,FALSE,913,1820,,,,,,,,,tigers,Detroit Tigers,30008146,30008146,38,45,7.05067E+17,7.05067E+17,46,69,http://pbs.twimg.com/media/Ccjmnf-WoAAidOw.jpg,https://pbs.twimg.com/media/Ccjmnf-WoAAidOw.jpg,https://t.co/R7atnaNIyD,pic.twitter.com/R7atnaNIyD,http://twitter.com/umichfootball/status/705066928176537601/photo/1,photo,medium,600,600,fit,,,,,7.05067E+17,7.05067E+17,46,69,http://pbs.twimg.com/media/Ccjmnf-WoAAidOw.jpg,https://pbs.twimg.com/media/Ccjmnf-WoAAidOw.jpg,https://t.co/R7atnaNIyD,pic.twitter.com/R7atnaNIyD,http://twitter.com/umichfootball/status/705066928176537601/photo/1,photo,medium,600,600,fit,,,,,,,,,,,FALSE,FALSE,FALSE,en
Twitter Recent Michigan Football Tweets,,,,,,,,,,,,,,,,,,,,,,,,,,,,,,,,,,,,,,,,,,,,,,,,,,,,,,,,,,,,,,,,,,,,,,,,,,,,,,,,,,,,,,,,,,,,,,,,,,,,,,,,,,,,,,,,,,,,,,,,,,,,,,,,,,,,,,,,,,,,,,,,,,,,,,,,,,,,,,,,,,,,,,,,,,,,,,,,,,,,,,,,,,,,,,,,,,,,,thumb,150,150,crop,,,,,,,,,,,,,,,thumb,150,150,crop,,,,,,,,,,,,,,
Twitter Recent Michigan Football Tweets,,,,,,,,,,,,,,,,,,,,,,,,,,,,,,,,,,,,,,,,,,,,,,,,,,,,,,,,,,,,,,,,,,,,,,,,,,,,,,,,,,,,,,,,,,,,,,,,,,,,,,,,,,,,,,,,,,,,,,,,,,,,,,,,,,,,,,,,,,,,,,,,,,,,,,,,,,,,,,,,,,,,,,,,,,,,,,,,,,,,,,,,,,,,,,,,,,,,,small,340,340,fit,,,,,,,,,,,,,,,small,340,340,fit,,,,,,,,,,,,,,
Twitter Recent Michigan Football Tweets,,,,,,,,,,,,,,,,,,,,,,,,,,,,,,,,,,,,,,,,,,,,,,,,,,,,,,,,,,,,,,,,,,,,,,,,,,,,,,,,,,,,,,,,,,,,,,,,,,,,,,,,,,,,,,,,,,,,,,,,,,,,,,,,,,,,,,,,,,,,,,,,,,,,,,,,,,,,,,,,,,,,,,,,,,,,,,,,,,,,,,,,,,,,,,,,,,,,,large,1024,1024,fit,,,,,,,,,,,,,,,large,1024,1024,fit,,,,,,,,,,,,,,
Twitter Recent Michigan Football Tweets,Wed Mar 02 15:06:03 +0000 2016,7.05047E+17,7.05047E+17,Dr. Blitz making his presence felt with the U-M defense.   @SKORNACKI » https://t.co/LuRG3rypsE   #GoBlue https://t.co/JClHcimppy,FALSE,"<a href=""https://about.twitter.com/products/tweetdeck"" rel=""nofollow"">TweetDeck</a>",null,null,null,null,null,27902825,27902825,Michigan Football,umichfootball,"Ann Arbor, Michigan",Official Twitter account of University of Michigan Football. Tweeting scores & news from the field. #GoBlue,http://t.co/zGQgWjW6q8,http://t.co/zGQgWjW6q8,http://MGoBlue.com,MGoBlue.com,0,22,FALSE,387426,373,2882,Tue Mar 31 16:18:57 +0000 2009,963,-18000,Eastern Time (US & Canada),TRUE,TRUE,15553,en,FALSE,FALSE,FALSE,4.00E+43,http://pbs.twimg.com/profile_background_images/378800000063171941/204cd17d9fcd051349ca09029218f2ce.jpeg,https://pbs.twimg.com/profile_background_images/378800000063171941/204cd17d9fcd051349ca09029218f2ce.jpeg,FALSE,http://pbs.twimg.com/profile_images/479660271942656000/k8p1Z5Ez_normal.jpeg,https://pbs.twimg.com/profile_images/479660271942656000/k8p1Z5Ez_normal.jpeg,https://pbs.twimg.com/profile_banners/27902825/1456512585,0084B4,FFFFFF,DDFFCC,333333,TRUE,FALSE,FALSE,FALSE,FALSE,FALSE,FALSE,null,null,null,null,,,,,,,,,,,,,,,,,,,,,,,,,,,,,,,,,,,,,,,,,,,,,,,,,,,,,,,,,,,,,,,,,,,,,,,,,,,,,,,,,,,,,,,,,,,,,,,,,,,,,,,,,,,,,,FALSE,43,165,GoBlue,98,105,https://t.co/LuRG3rypsE,http://myumi.ch/LEx0d,myumi.ch/LEx0d,72,95,SKORNACKI,Steve Kornacki,109096609,109096609,59,69,7.05043E+17,7.05043E+17,106,129,http://pbs.twimg.com/media/CcjQqKsWIAA0n2Z.jpg,https://pbs.twimg.com/media/CcjQqKsWIAA0n2Z.jpg,https://t.co/JClHcimppy,pic.twitter.com/JClHcimppy,http://twitter.com/umichfootball/status/705046518802165761/photo/1,photo,small,340,191,fit,,,,,7.05043E+17,7.05043E+17,106,129,http://pbs.twimg.com/media/CcjQqKsWIAA0n2Z.jpg,https://pbs.twimg.com/media/CcjQqKsWIAA0n2Z.jpg,https://t.co/JClHcimppy,pic.twitter.com/JClHcimppy,http://twitter.com/umichfootball/status/705046518802165761/photo/1,photo,small,340,191,fit,,,,,,,,,,,FALSE,FALSE,FALSE,en
Twitter Recent Michigan Football Tweets,,,,,,,,,,,,,,,,,,,,,,,,,,,,,,,,,,,,,,,,,,,,,,,,,,,,,,,,,,,,,,,,,,,,,,,,,,,,,,,,,,,,,,,,,,,,,,,,,,,,,,,,,,,,,,,,,,,,,,,,,,,,,,,,,,,,,,,,,,,,,,,,,,,,,,,,,,,,,,,,,,,,,,,,,,,,,,,,,,,,,,,,,,,,,,,,,,,,,medium,600,337,fit,,,,,,,,,,,,,,,medium,600,337,fit,,,,,,,,,,,,,,
Twitter Recent Michigan Football Tweets,,,,,,,,,,,,,,,,,,,,,,,,,,,,,,,,,,,,,,,,,,,,,,,,,,,,,,,,,,,,,,,,,,,,,,,,,,,,,,,,,,,,,,,,,,,,,,,,,,,,,,,,,,,,,,,,,,,,,,,,,,,,,,,,,,,,,,,,,,,,,,,,,,,,,,,,,,,,,,,,,,,,,,,,,,,,,,,,,,,,,,,,,,,,,,,,,,,,,thumb,150,150,crop,,,,,,,,,,,,,,,thumb,150,150,crop,,,,,,,,,,,,,,
Twitter Recent Michigan Football Tweets,,,,,,,,,,,,,,,,,,,,,,,,,,,,,,,,,,,,,,,,,,,,,,,,,,,,,,,,,,,,,,,,,,,,,,,,,,,,,,,,,,,,,,,,,,,,,,,,,,,,,,,,,,,,,,,,,,,,,,,,,,,,,,,,,,,,,,,,,,,,,,,,,,,,,,,,,,,,,,,,,,,,,,,,,,,,,,,,,,,,,,,,,,,,,,,,,,,,,large,772,434,fit,,,,,,,,,,,,,,,large,772,434,fit,,,,,,,,,,,,,,
Twitter Recent Michigan Football Tweets,Wed Mar 02 15:02:06 +0000 2016,7.05046E+17,7.05046E+17,@hannahMIgirl #GoBlue!,FALSE,"<a href=""https://about.twitter.com/products/tweetdeck"" rel=""nofollow"">TweetDeck</a>",7.05045E+17,7.05045E+17,1523241673,1523241673,hannahMIgirl,27902825,27902825,Michigan Football,umichfootball,"Ann Arbor, Michigan",Official Twitter account of University of Michigan Football. Tweeting scores & news from the field. #GoBlue,http://t.co/zGQgWjW6q8,http://t.co/zGQgWjW6q8,http://MGoBlue.com,MGoBlue.com,0,22,FALSE,387426,373,2882,Tue Mar 31 16:18:57 +0000 2009,963,-18000,Eastern Time (US & Canada),TRUE,TRUE,15553,en,FALSE,FALSE,FALSE,4.00E+43,http://pbs.twimg.com/profile_background_images/378800000063171941/204cd17d9fcd051349ca09029218f2ce.jpeg,https://pbs.twimg.com/profile_background_images/378800000063171941/204cd17d9fcd051349ca09029218f2ce.jpeg,FALSE,http://pbs.twimg.com/profile_images/479660271942656000/k8p1Z5Ez_normal.jpeg,https://pbs.twimg.com/profile_images/479660271942656000/k8p1Z5Ez_normal.jpeg,https://pbs.twimg.com/profile_banners/27902825/1456512585,0084B4,FFFFFF,DDFFCC,333333,TRUE,FALSE,FALSE,FALSE,FALSE,FALSE,FALSE,null,null,null,null,,,,,,,,,,,,,,,,,,,,,,,,,,,,,,,,,,,,,,,,,,,,,,,,,,,,,,,,,,,,,,,,,,,,,,,,,,,,,,,,,,,,,,,,,,,,,,,,,,,,,,,,,,,,,,FALSE,1,3,GoBlue,14,21,,,,,,hannahMIgirl,Hannah Andy,1523241673,1523241673,0,13,,,,,,,,,,,,,,,,,,,,,,,,,,,,,,,,,,,,,,,,,,,FALSE,FALSE,,und
Twitter Recent Michigan Football Tweets,Wed Mar 02 01:24:03 +0000 2016,7.0484E+17,7.0484E+17,"""If you can touch somebody's life, why not give back?” - Jake Butt  @SKORNACKI » https://t.co/SRUFNBivfb  #GoBlue https://t.co/9qHjtGTpp4",FALSE,"<a href=""https://about.twitter.com/products/tweetdeck"" rel=""nofollow"">TweetDeck</a>",null,null,null,null,null,27902825,27902825,Michigan Football,umichfootball,"Ann Arbor, Michigan",Official Twitter account of University of Michigan Football. Tweeting scores & news from the field. #GoBlue,http://t.co/zGQgWjW6q8,http://t.co/zGQgWjW6q8,http://MGoBlue.com,MGoBlue.com,0,22,FALSE,387426,373,2882,Tue Mar 31 16:18:57 +0000 2009,963,-18000,Eastern Time (US & Canada),TRUE,TRUE,15553,en,FALSE,FALSE,FALSE,4.00E+43,http://pbs.twimg.com/profile_background_images/378800000063171941/204cd17d9fcd051349ca09029218f2ce.jpeg,https://pbs.twimg.com/profile_background_images/378800000063171941/204cd17d9fcd051349ca09029218f2ce.jpeg,FALSE,http://pbs.twimg.com/profile_images/479660271942656000/k8p1Z5Ez_normal.jpeg,https://pbs.twimg.com/profile_images/479660271942656000/k8p1Z5Ez_normal.jpeg,https://pbs.twimg.com/profile_banners/27902825/1456512585,0084B4,FFFFFF,DDFFCC,333333,TRUE,FALSE,FALSE,FALSE,FALSE,FALSE,FALSE,null,null,null,null,,,,,,,,,,,,,,,,,,,,,,,,,,,,,,,,,,,,,,,,,,,,,,,,,,,,,,,,,,,,,,,,,,,,,,,,,,,,,,,,,,,,,,,,,,,,,,,,,,,,,,,,,,,,,,FALSE,92,353,GoBlue,106,113,https://t.co/SRUFNBivfb,http://myumi.ch/Lo41l,myumi.ch/Lo41l,81,104,SKORNACKI,Steve Kornacki,109096609,109096609,68,78,7.04719E+17,7.04719E+17,114,137,http://pbs.twimg.com/media/CceqQ89WIAAYXSw.jpg,https://pbs.twimg.com/media/CceqQ89WIAAYXSw.jpg,https://t.co/9qHjtGTpp4,pic.twitter.com/9qHjtGTpp4,http://twitter.com/umichfootball/status/704839655070380032/photo/1,photo,medium,600,337,fit,,,,,7.04719E+17,7.04719E+17,114,137,http://pbs.twimg.com/media/CceqQ89WIAAYXSw.jpg,https://pbs.twimg.com/media/CceqQ89WIAAYXSw.jpg,https://t.co/9qHjtGTpp4,pic.twitter.com/9qHjtGTpp4,http://twitter.com/umichfootball/status/704839655070380032/photo/1,photo,medium,600,337,fit,,,,,,,,,,,FALSE,FALSE,FALSE,en
Twitter Recent Michigan Football Tweets,,,,,,,,,,,,,,,,,,,,,,,,,,,,,,,,,,,,,,,,,,,,,,,,,,,,,,,,,,,,,,,,,,,,,,,,,,,,,,,,,,,,,,,,,,,,,,,,,,,,,,,,,,,,,,,,,,,,,,,,,,,,,,,,,,,,,,,,,,,,,,,,,,,,,,,,,,,,,,,,,,,,,,,,,,,,,,,,,,,,,,,,,,,,,,,,,,,,,small,340,191,fit,,,,,,,,,,,,,,,small,340,191,fit,,,,,,,,,,,,,,
Twitter Recent Michigan Football Tweets,,,,,,,,,,,,,,,,,,,,,,,,,,,,,,,,,,,,,,,,,,,,,,,,,,,,,,,,,,,,,,,,,,,,,,,,,,,,,,,,,,,,,,,,,,,,,,,,,,,,,,,,,,,,,,,,,,,,,,,,,,,,,,,,,,,,,,,,,,,,,,,,,,,,,,,,,,,,,,,,,,,,,,,,,,,,,,,,,,,,,,,,,,,,,,,,,,,,,thumb,150,150,crop,,,,,,,,,,,,,,,thumb,150,150,crop,,,,,,,,,,,,,,
Twitter Recent Michigan Football Tweets,,,,,,,,,,,,,,,,,,,,,,,,,,,,,,,,,,,,,,,,,,,,,,,,,,,,,,,,,,,,,,,,,,,,,,,,,,,,,,,,,,,,,,,,,,,,,,,,,,,,,,,,,,,,,,,,,,,,,,,,,,,,,,,,,,,,,,,,,,,,,,,,,,,,,,,,,,,,,,,,,,,,,,,,,,,,,,,,,,,,,,,,,,,,,,,,,,,,,large,772,434,fit,,,,,,,,,,,,,,,large,772,434,fit,,,,,,,,,,,,,,
Twitter Recent Michigan Football Tweets,Wed Mar 02 00:35:25 +0000 2016,7.04827E+17,7.04827E+17,"Jake Butt, Mason Cole, Amara Darboh and De'Veon Smith shared their thoughts on practicing in Florida today. https://t.co/A5e1LQgjd8",FALSE,"<a href=""http://twitter.com/download/iphone"" rel=""nofollow"">Twitter for iPhone</a>",null,null,null,null,null,27902825,27902825,Michigan Football,umichfootball,"Ann Arbor, Michigan",Official Twitter account of University of Michigan Football. Tweeting scores & news from the field. #GoBlue,http://t.co/zGQgWjW6q8,http://t.co/zGQgWjW6q8,http://MGoBlue.com,MGoBlue.com,0,22,FALSE,387426,373,2882,Tue Mar 31 16:18:57 +0000 2009,963,-18000,Eastern Time (US & Canada),TRUE,TRUE,15553,en,FALSE,FALSE,FALSE,4.00E+43,http://pbs.twimg.com/profile_background_images/378800000063171941/204cd17d9fcd051349ca09029218f2ce.jpeg,https://pbs.twimg.com/profile_background_images/378800000063171941/204cd17d9fcd051349ca09029218f2ce.jpeg,FALSE,http://pbs.twimg.com/profile_images/479660271942656000/k8p1Z5Ez_normal.jpeg,https://pbs.twimg.com/profile_images/479660271942656000/k8p1Z5Ez_normal.jpeg,https://pbs.twimg.com/profile_banners/27902825/1456512585,0084B4,FFFFFF,DDFFCC,333333,TRUE,FALSE,FALSE,FALSE,FALSE,FALSE,FALSE,null,null,null,null,,,,,,,,,,,,,,,,,,,,,,,,,,,,,,,,,,,,,,,,,,,,,,,,,,,,,,,,,,,,,,,,,,,,,,,,,,,,,,,,,,,,,,,,,,,,,,,,,,,,,,,,,,,,,,FALSE,22,110,,,,https://t.co/A5e1LQgjd8,https://soundcloud.com/umichathletics/sets/3-1-spring-post-practice,soundcloud.com/umichathletics…,108,131,,,,,,,,,,,,,,,,,,,,,,,,,,,,,,,,,,,,,,,,,,,,,,,,,FALSE,FALSE,FALSE,en
Twitter Recent Michigan Football Tweets,Wed Mar 02 00:30:34 +0000 2016,7.04826E+17,7.04826E+17,"Defensive Coordinator Don Brown met with the media after practice, speaking on his early impressions and more. https://t.co/qRVUmw4jKQ",FALSE,"<a href=""http://twitter.com/download/iphone"" rel=""nofollow"">Twitter for iPhone</a>",null,null,null,null,null,27902825,27902825,Michigan Football,umichfootball,"Ann Arbor, Michigan",Official Twitter account of University of Michigan Football. Tweeting scores & news from the field. #GoBlue,http://t.co/zGQgWjW6q8,http://t.co/zGQgWjW6q8,http://MGoBlue.com,MGoBlue.com,0,22,FALSE,387426,373,2882,Tue Mar 31 16:18:57 +0000 2009,963,-18000,Eastern Time (US & Canada),TRUE,TRUE,15553,en,FALSE,FALSE,FALSE,4.00E+43,http://pbs.twimg.com/profile_background_images/378800000063171941/204cd17d9fcd051349ca09029218f2ce.jpeg,https://pbs.twimg.com/profile_background_images/378800000063171941/204cd17d9fcd051349ca09029218f2ce.jpeg,FALSE,http://pbs.twimg.com/profile_images/479660271942656000/k8p1Z5Ez_normal.jpeg,https://pbs.twimg.com/profile_images/479660271942656000/k8p1Z5Ez_normal.jpeg,https://pbs.twimg.com/profile_banners/27902825/1456512585,0084B4,FFFFFF,DDFFCC,333333,TRUE,FALSE,FALSE,FALSE,FALSE,FALSE,FALSE,null,null,null,null,,,,,,,,,,,,,,,,,,,,,,,,,,,,,,,,,,,,,,,,,,,,,,,,,,,,,,,,,,,,,,,,,,,,,,,,,,,,,,,,,,,,,,,,,,,,,,,,,,,,,,,,,,,,,,FALSE,30,87,,,,https://t.co/qRVUmw4jKQ,https://soundcloud.com/umichathletics/dc-don-brown-post-spring-practice-availability-31,soundcloud.com/umichathletics…,111,134,,,,,,,,,,,,,,,,,,,,,,,,,,,,,,,,,,,,,,,,,,,,,,,,,FALSE,FALSE,FALSE,en
Twitter Recent Michigan Football Tweets,Tue Mar 01 23:45:30 +0000 2016,7.04815E+17,7.04815E+17,"And with this, our second practice has come to a close. https://t.co/rai7qb0DbP",FALSE,"<a href=""http://twitter.com/download/iphone"" rel=""nofollow"">Twitter for iPhone</a>",null,null,null,null,null,27902825,27902825,Michigan Football,umichfootball,"Ann Arbor, Michigan",Official Twitter account of University of Michigan Football. Tweeting scores & news from the field. #GoBlue,http://t.co/zGQgWjW6q8,http://t.co/zGQgWjW6q8,http://MGoBlue.com,MGoBlue.com,0,22,FALSE,387426,373,2882,Tue Mar 31 16:18:57 +0000 2009,963,-18000,Eastern Time (US & Canada),TRUE,TRUE,15553,en,FALSE,FALSE,FALSE,4.00E+43,http://pbs.twimg.com/profile_background_images/378800000063171941/204cd17d9fcd051349ca09029218f2ce.jpeg,https://pbs.twimg.com/profile_background_images/378800000063171941/204cd17d9fcd051349ca09029218f2ce.jpeg,FALSE,http://pbs.twimg.com/profile_images/479660271942656000/k8p1Z5Ez_normal.jpeg,https://pbs.twimg.com/profile_images/479660271942656000/k8p1Z5Ez_normal.jpeg,https://pbs.twimg.com/profile_banners/27902825/1456512585,0084B4,FFFFFF,DDFFCC,333333,TRUE,FALSE,FALSE,FALSE,FALSE,FALSE,FALSE,null,null,null,null,,,,,,,,,,,,,,,,,,,,,,,,,,,,,,,,,,,,,,,,,,,,,,,,,,,,,,,,,,,,,,,,,,,,,,,,,,,,,,,,,,,,,,,,,,,,,,,,,,,,,,,,,,,,,,FALSE,110,560,,,,,,,,,,,,,,,7.04815E+17,7.04815E+17,56,79,http://pbs.twimg.com/media/CcgBXD9W0AI_k4w.jpg,https://pbs.twimg.com/media/CcgBXD9W0AI_k4w.jpg,https://t.co/rai7qb0DbP,pic.twitter.com/rai7qb0DbP,http://twitter.com/umichfootball/status/704814855165976576/photo/1,photo,large,1024,768,fit,,,,,7.04815E+17,7.04815E+17,56,79,http://pbs.twimg.com/media/CcgBXD9W0AI_k4w.jpg,https://pbs.twimg.com/media/CcgBXD9W0AI_k4w.jpg,https://t.co/rai7qb0DbP,pic.twitter.com/rai7qb0DbP,http://twitter.com/umichfootball/status/704814855165976576/photo/1,photo,large,1024,768,fit,,,,,,,,,,,FALSE,FALSE,FALSE,en
,,,,,,,,,,,,,,,,,,,,,,,,,,,,,,,,,,,,,,,,,,,,,,,,,,,,,,,,,,,,,,,,,,,,,,,,,,,,,,,,,,,,,,,,,,,,,,,,,,,,,,,,,,,,,,,,,,,,,,,,,,,,,,,,,,,,,,,,,,,,,,,,,,,,,,,,,,,,,,,,,,,,,,,,,,,,,,,,,,,,,,,,,,,,,,,,,,,,,thumb,150,150,crop,,,,,,,,,,,,,,,thumb,150,150,crop,,,,,,,,,,,,,,
,,,,,,,,,,,,,,,,,,,,,,,,,,,,,,,,,,,,,,,,,,,,,,,,,,,,,,,,,,,,,,,,,,,,,,,,,,,,,,,,,,,,,,,,,,,,,,,,,,,,,,,,,,,,,,,,,,,,,,,,,,,,,,,,,,,,,,,,,,,,,,,,,,,,,,,,,,,,,,,,,,,,,,,,,,,,,,,,,,,,,,,,,,,,,,,,,,,,,medium,600,450,fit,,,,,,,,,,,,,,,medium,600,450,fit,,,,,,,,,,,,,,
,,,,,,,,,,,,,,,,,,,,,,,,,,,,,,,,,,,,,,,,,,,,,,,,,,,,,,,,,,,,,,,,,,,,,,,,,,,,,,,,,,,,,,,,,,,,,,,,,,,,,,,,,,,,,,,,,,,,,,,,,,,,,,,,,,,,,,,,,,,,,,,,,,,,,,,,,,,,,,,,,,,,,,,,,,,,,,,,,,,,,,,,,,,,,,,,,,,,,small,340,255,fit,,,,,,,,,,,,,,,small,340,255,fit,,,,,,,,,,,,,,
