Provenances,Person ID,Persona ID,Platform ID,Message ID,Time of Message,Location,Message String
Twitter Recent Michigan Football Tweets,Michigan Football,umichfootball,Twitter,7.05E+17,Thu Mar 03 15:53:09 +0000 2016,"Ann Arbor, Michigan",.@BigPappi73 ?????? https://t.co/bXwrcpYa80
Twitter Recent Michigan Football Tweets,,,Twitter,,,,
Twitter Recent Michigan Football Tweets,,,Twitter,,,,
Twitter Recent Michigan Football Tweets,,,Twitter,,,,
Twitter Recent Michigan Football Tweets,,,Twitter,,,,
Twitter Recent Michigan Football Tweets,,,Twitter,,,,
Twitter Recent Michigan Football Tweets,Michigan Football,umichfootball,Twitter,7.05E+17,Thu Mar 03 14:30:38 +0000 2016,"Ann Arbor, Michigan","Welcome Tony Tuioti, our new Director of Player Personnel! https://t.co/e6bHb6VjRH https://t.co/bHQPwAHev8"
Twitter Recent Michigan Football Tweets,,,Twitter,,,,
Twitter Recent Michigan Football Tweets,,,Twitter,,,,
Twitter Recent Michigan Football Tweets,,,Twitter,,,,
Twitter Recent Michigan Football Tweets,Michigan Football,umichfootball,Twitter,7.05E+17,Thu Mar 03 14:01:45 +0000 2016,"Ann Arbor, Michigan",Practice day 3: ready to go! #GoBlue https://t.co/I0PH75KfoF
Twitter Recent Michigan Football Tweets,,,Twitter,,,,
Twitter Recent Michigan Football Tweets,,,Twitter,,,,
Twitter Recent Michigan Football Tweets,,,Twitter,,,,
Twitter Recent Michigan Football Tweets,Michigan Football,umichfootball,Twitter,7.05E+17,Thu Mar 03 13:14:38 +0000 2016,"Ann Arbor, Michigan",RT @UMichAthletics: The M-PACT (Professional And Career Transition) Program is unique to MICHIGAN.   LEARN ª https://t.co/W6169NHeXv https:Ö
Twitter Recent Michigan Football Tweets,,,Twitter,,,,
Twitter Recent Michigan Football Tweets,,,Twitter,,,,
Twitter Recent Michigan Football Tweets,,,Twitter,,,,
Twitter Recent Michigan Football Tweets,Michigan Football,umichfootball,Twitter,7.05E+17,Thu Mar 03 01:38:50 +0000 2016,"Ann Arbor, Michigan",Check out this 360 video of the team entering the field before the @Pirates vs. @tigers game today! #GoBlue  VID ª https://t.co/bj4WkaUqxV
Twitter Recent Michigan Football Tweets,,,Twitter,,,,
Twitter Recent Michigan Football Tweets,Michigan Football,umichfootball,Twitter,7.05E+17,Wed Mar 02 20:40:45 +0000 2016,"Ann Arbor, Michigan",RT @UMichAthletics: .@AuburnTigers We did not. But we like this book a lot.   #GoBlue #ReadAcrossAmerica https://t.co/FDEuT0QVrO
Twitter Recent Michigan Football Tweets,,,Twitter,,,,
Twitter Recent Michigan Football Tweets,,,Twitter,,,,
Twitter Recent Michigan Football Tweets,,,Twitter,,,,
Twitter Recent Michigan Football Tweets,Michigan Football,umichfootball,Twitter,7.05E+17,Wed Mar 02 20:14:02 +0000 2016,"Ann Arbor, Michigan",Baseball isn't the only fun we're having today. Khalid and Channing are having a blast at mini golf. https://t.co/mKPakp52Zq
Twitter Recent Michigan Football Tweets,,,Twitter,,,,
Twitter Recent Michigan Football Tweets,,,Twitter,,,,
Twitter Recent Michigan Football Tweets,,,Twitter,,,,
Twitter Recent Michigan Football Tweets,,,Twitter,,,,
Twitter Recent Michigan Football Tweets,,,Twitter,,,,
Twitter Recent Michigan Football Tweets,Michigan Football,umichfootball,Twitter,7.05E+17,Wed Mar 02 18:26:38 +0000 2016,"Ann Arbor, Michigan",Off and running! Four runs in the first for the @tigers. All from great first base coaching of course! https://t.co/vA2atBfZlN
Twitter Recent Michigan Football Tweets,,,Twitter,,,,
Twitter Recent Michigan Football Tweets,,,Twitter,,,,
Twitter Recent Michigan Football Tweets,,,Twitter,,,,
Twitter Recent Michigan Football Tweets,,,Twitter,,,,
Twitter Recent Michigan Football Tweets,,,Twitter,,,,
Twitter Recent Michigan Football Tweets,Michigan Football,umichfootball,Twitter,7.05E+17,Wed Mar 02 18:21:42 +0000 2016,"Ann Arbor, Michigan",RT @tigers: Looking good @CoachJim4UM! ?? https://t.co/XRAnHmGNu0
Twitter Recent Michigan Football Tweets,,,Twitter,,,,
Twitter Recent Michigan Football Tweets,,,Twitter,,,,
Twitter Recent Michigan Football Tweets,,,Twitter,,,,
Twitter Recent Michigan Football Tweets,Michigan Football,umichfootball,Twitter,7.05E+17,Wed Mar 02 18:06:07 +0000 2016,"Ann Arbor, Michigan",RT @tigers: .@BradAusmus07 & @CoachJim4UM ?? https://t.co/XiRluCUJm0
Twitter Recent Michigan Football Tweets,,,Twitter,,,,
Twitter Recent Michigan Football Tweets,,,Twitter,,,,
Twitter Recent Michigan Football Tweets,,,Twitter,,,,
Twitter Recent Michigan Football Tweets,Michigan Football,umichfootball,Twitter,7.05E+17,Wed Mar 02 18:04:31 +0000 2016,"Ann Arbor, Michigan","Thanks for the picture, @BradAusmus07! https://t.co/HUA8WIFniY"
Twitter Recent Michigan Football Tweets,,,Twitter,,,,
Twitter Recent Michigan Football Tweets,,,Twitter,,,,
Twitter Recent Michigan Football Tweets,,,Twitter,,,,
Twitter Recent Michigan Football Tweets,Michigan Football,umichfootball,Twitter,7.05E+17,Wed Mar 02 17:44:44 +0000 2016,"Ann Arbor, Michigan","Looking good, @CoachJim4UM https://t.co/oeEHjgVbyu"
Twitter Recent Michigan Football Tweets,,,Twitter,,,,
Twitter Recent Michigan Football Tweets,,,Twitter,,,,
Twitter Recent Michigan Football Tweets,,,Twitter,,,,
Twitter Recent Michigan Football Tweets,,,Twitter,,,,
Twitter Recent Michigan Football Tweets,,,Twitter,,,,
Twitter Recent Michigan Football Tweets,,,Twitter,,,,
Twitter Recent Michigan Football Tweets,,,Twitter,,,,
Twitter Recent Michigan Football Tweets,Michigan Football,umichfootball,Twitter,7.05E+17,Wed Mar 02 17:23:52 +0000 2016,"Ann Arbor, Michigan",Thanks to @Pirates manager Clint Hurdle for speaking to the team today! https://t.co/89RvRBanID
Twitter Recent Michigan Football Tweets,,,Twitter,,,,
Twitter Recent Michigan Football Tweets,,,Twitter,,,,
Twitter Recent Michigan Football Tweets,,,Twitter,,,,
Twitter Recent Michigan Football Tweets,Michigan Football,umichfootball,Twitter,7.05E+17,Wed Mar 02 16:27:09 +0000 2016,"Ann Arbor, Michigan",Meet the new first base coach for the @tigers https://t.co/R7atnaNIyD
Twitter Recent Michigan Football Tweets,,,Twitter,,,,
Twitter Recent Michigan Football Tweets,,,Twitter,,,,
Twitter Recent Michigan Football Tweets,,,Twitter,,,,
Twitter Recent Michigan Football Tweets,Michigan Football,umichfootball,Twitter,7.05E+17,Wed Mar 02 15:06:03 +0000 2016,"Ann Arbor, Michigan",Dr. Blitz making his presence felt with the U-M defense.   @SKORNACKI ª https://t.co/LuRG3rypsE   #GoBlue https://t.co/JClHcimppy
Twitter Recent Michigan Football Tweets,,,Twitter,,,,
Twitter Recent Michigan Football Tweets,,,Twitter,,,,
Twitter Recent Michigan Football Tweets,,,Twitter,,,,
Twitter Recent Michigan Football Tweets,Michigan Football,umichfootball,Twitter,7.05E+17,Wed Mar 02 15:02:06 +0000 2016,"Ann Arbor, Michigan",@hannahMIgirl #GoBlue!
Twitter Recent Michigan Football Tweets,Michigan Football,umichfootball,Twitter,7.05E+17,Wed Mar 02 01:24:03 +0000 2016,"Ann Arbor, Michigan","""If you can touch somebody's life, why not give back?î - Jake Butt  @SKORNACKI ª https://t.co/SRUFNBivfb  #GoBlue https://t.co/9qHjtGTpp4"
Twitter Recent Michigan Football Tweets,,,Twitter,,,,
Twitter Recent Michigan Football Tweets,,,Twitter,,,,
Twitter Recent Michigan Football Tweets,,,Twitter,,,,
Twitter Recent Michigan Football Tweets,Michigan Football,umichfootball,Twitter,7.05E+17,Wed Mar 02 00:35:25 +0000 2016,"Ann Arbor, Michigan","Jake Butt, Mason Cole, Amara Darboh and De'Veon Smith shared their thoughts on practicing in Florida today. https://t.co/A5e1LQgjd8"
Twitter Recent Michigan Football Tweets,Michigan Football,umichfootball,Twitter,7.05E+17,Wed Mar 02 00:30:34 +0000 2016,"Ann Arbor, Michigan","Defensive Coordinator Don Brown met with the media after practice, speaking on his early impressions and more. https://t.co/qRVUmw4jKQ"
Twitter Recent Michigan Football Tweets,Michigan Football,umichfootball,Twitter,7.05E+17,Tue Mar 01 23:45:30 +0000 2016,"Ann Arbor, Michigan","And with this, our second practice has come to a close. https://t.co/rai7qb0DbP"
Twitter Recent Tweets in Ann Arbor Area,erin,erinxjacobs,Twitter,7.05E+17,Thu Mar 03 17:19:35 +0000 2016,EMU,"In honor of big little reveal tonight, #tbt to getting the most amazing big and twin a girlÖ https://t.co/3AiW8dFysl"
Twitter Recent Tweets in Ann Arbor Area,,,Twitter,,,,
Twitter Recent Tweets in Ann Arbor Area,,,Twitter,,,,
Twitter Recent Tweets in Ann Arbor Area,,,Twitter,,,,
Twitter Recent Tweets in Ann Arbor Area,MYTHLOGIC,mythlogic,Twitter,7.05E+17,Thu Mar 03 17:01:52 +0000 2016,"3990 Varsity Dr. Ann Arbor, MI",#tang #pcmasterrace #pcgaming big @coolermaster is big! @ Mythlogic Computers https://t.co/QNayADhGGb
Twitter Recent Tweets in Ann Arbor Area,,,Twitter,,,,
Twitter Recent Tweets in Ann Arbor Area,,,Twitter,,,,
Twitter Recent Tweets in Ann Arbor Area,,,Twitter,,,,
Twitter Recent Tweets in Ann Arbor Area,TMJ-MIN HRTA Jobs,tmj_MIN_HRTA,Twitter,7.05E+17,Thu Mar 03 16:34:14 +0000 2016,"Ann Arbor, MI","Interested in a #Hospitality #job near #AnnArbor, MI? This could be a great fit: https://t.co/2U6Jr0p9SG #parttime #Veterans #Hiring"
Twitter Recent Tweets in Ann Arbor Area,,,Twitter,,,,
Twitter Recent Tweets in Ann Arbor Area,,,Twitter,,,,
Twitter Recent Tweets in Ann Arbor Area,,,Twitter,,,,
Twitter Recent Tweets in Ann Arbor Area,,,Twitter,,,,
Twitter Recent Tweets in Ann Arbor Area,,,Twitter,,,,
Twitter Recent Tweets in Ann Arbor Area,Nirmal Indian Curry,NirmalCurry,Twitter,7.05E+17,Thu Mar 03 16:20:14 +0000 2016," Ypsilanti, MI, US","Good Morning, Happy Thursday, whenever we talk about POWER OF WE, we want to build a communityÖ https://t.co/PWUvBD1ljn"
Twitter Recent Tweets in Ann Arbor Area,,,Twitter,,,,
Twitter Recent Tweets in Ann Arbor Area,,,Twitter,,,,
Twitter Recent Tweets in Ann Arbor Area,,,Twitter,,,,
Twitter Recent Tweets in Ann Arbor Area,Tara,TaraLou685,Twitter,7.05E+17,Thu Mar 03 15:21:42 +0000 2016,"Toledo, Ohio",#happythursday  #smilemore @ Saint Joseph Mercy Health System https://t.co/ow4Pzco9fg
Twitter Recent Tweets in Ann Arbor Area,,,Twitter,,,,
Twitter Recent Tweets in Ann Arbor Area,,,Twitter,,,,
Twitter Recent Tweets in Ann Arbor Area,,,Twitter,,,,
Twitter Recent Tweets in Ann Arbor Area,Matt West,CaptainMattWest,Twitter,7.05E+17,Thu Mar 03 14:58:15 +0000 2016,"Ann Arbor, MI","When you have two workouts back to back, you dine where pictures are on the menu.  Super Size MyÖ https://t.co/MHtYbSB8YW"
Twitter Recent Tweets in Ann Arbor Area,,,Twitter,,,,
Twitter Recent Tweets in Ann Arbor Area,,,Twitter,,,,
Twitter Recent Tweets in Ann Arbor Area,,,Twitter,,,,
Twitter Recent Tweets in Ann Arbor Area,BallHardTd,TDRance,Twitter,7.05E+17,Thu Mar 03 14:52:53 +0000 2016,"Oklahoma, Missouri, Michigan.",EmuQues dunk contest/All-star basketball game in the Rec todayÖ https://t.co/vklpLPEdxa
Twitter Recent Tweets in Ann Arbor Area,,,Twitter,,,,
Twitter Recent Tweets in Ann Arbor Area,,,Twitter,,,,
Twitter Recent Tweets in Ann Arbor Area,,,Twitter,,,,
Twitter Recent Tweets in Ann Arbor Area,TMJ-MIN HRTA Jobs,tmj_MIN_HRTA,Twitter,7.05E+17,Thu Mar 03 14:48:41 +0000 2016,"Ann Arbor, MI",This #Hospitality #job might be a great fit for you: Barista (US) - https://t.co/nOY27VDZTi #Veterans #Hiring #CareerArc
Twitter Recent Tweets in Ann Arbor Area,,,Twitter,,,,
Twitter Recent Tweets in Ann Arbor Area,,,Twitter,,,,
Twitter Recent Tweets in Ann Arbor Area,,,Twitter,,,,
Twitter Recent Tweets in Ann Arbor Area,,,Twitter,,,,
Twitter Recent Tweets in Ann Arbor Area,TMJ-MIN Sales Jobs,tmj_min_sales,Twitter,7.05E+17,Thu Mar 03 13:05:13 +0000 2016,"Ann Arbor, MI","We're #hiring! Read about our latest #job opening here: Part Time Sales Associate - https://t.co/aVBMAtKkzQ #Ypsilanti, MI #Sales"
Twitter Recent Tweets in Ann Arbor Area,,,Twitter,,,,
Twitter Recent Tweets in Ann Arbor Area,,,Twitter,,,,
Twitter Recent Tweets in Ann Arbor Area,,,Twitter,,,,
Twitter Recent Tweets in Ann Arbor Area,TMJ-MIN Bank Jobs,tmj_MIN_banking,Twitter,7.05E+17,Thu Mar 03 13:04:17 +0000 2016,"Ann Arbor, MI","We're #hiring! Click to apply: Part Time Personal Banker - https://t.co/ecUmS7udMT #Banking #Ypsilanti, MI #Job #Jobs #CareerArc"
Twitter Recent Tweets in Ann Arbor Area,,,Twitter,,,,
Twitter Recent Tweets in Ann Arbor Area,,,Twitter,,,,
Twitter Recent Tweets in Ann Arbor Area,,,Twitter,,,,
Twitter Recent Tweets in Ann Arbor Area,,,Twitter,,,,
Twitter Recent Tweets in Ann Arbor Area,,,Twitter,,,,
Twitter Recent Tweets in Ann Arbor Area,Rolan Diet G. Lagura,dietlagura,Twitter,7.05E+17,Thu Mar 03 13:02:58 +0000 2016,"Manila, Philippines",Good night Baguio! #MarketingLife @ Burnham Suites https://t.co/Oa0cMZc1rW
Twitter Recent Tweets in Ann Arbor Area,,,Twitter,,,,
Twitter Recent Tweets in Ann Arbor Area,,,Twitter,,,,
Twitter Recent Tweets in Ann Arbor Area,,,Twitter,,,,
Twitter Recent Tweets in Ann Arbor Area,Lex...,Obey_Allure,Twitter,7.05E+17,Thu Mar 03 12:47:47 +0000 2016,,"So did I lol i feel great I need to start doing this more often ""@TBrooks___: Lol I went to bed at 11 last night."""
Twitter Recent Tweets in Ann Arbor Area,,,Twitter,,,,
Twitter Recent Tweets in Ann Arbor Area,,,Twitter,,,,
Twitter Recent Tweets in Ann Arbor Area,,,Twitter,,,,
Twitter Recent Tweets in Ann Arbor Area,Joseph M'Mwirichia,24inspiredlife,Twitter,7.05E+17,Thu Mar 03 11:28:12 +0000 2016,"Ann Arbor, MI","Trust, the way you practice it makes all the difference. This is especially true when pursuing aÖ https://t.co/gSm97pIeTF"
Twitter Recent Tweets in Ann Arbor Area,,,Twitter,,,,
Twitter Recent Tweets in Ann Arbor Area,,,Twitter,,,,
Twitter Recent Tweets in Ann Arbor Area,,,Twitter,,,,
Twitter Recent Tweets in Ann Arbor Area,Samiee?,LittleSamiee,Twitter,7.05E+17,Thu Mar 03 08:41:24 +0000 2016,,RT @Obey_Allure: When I fucked with someone I fuck with them heavy... Friendship and loyalty mean a lot man I expect the same in return
Twitter Recent Tweets in Ann Arbor Area,,,Twitter,,,,
Twitter Recent Tweets in Ann Arbor Area,,,Twitter,,,,
Twitter Recent Tweets in Ann Arbor Area,,,Twitter,,,,
Twitter Recent Tweets in Ann Arbor Area,Ruadh·n J McElroy,djmcspookypants,Twitter,7.05E+17,Thu Mar 03 07:52:31 +0000 2016,"Ypsilanti, MI","I'm at Spookyhouse in Ypsilanti, MI https://t.co/ib9wcuyGVd"
Twitter Search Recent Norovirus,Steritech,cebulka26,Twitter,7.03E+17,Thu Mar 03 18:21:01 +0000 2016,"Headquartered in Charlotte, NC","RT @UMHealthSystem: It's in the @freep, it must be true: Our scientists want your poop. (only if you've had #norovirus): https://t.co/SojiCÖ"
Twitter Search Recent Norovirus,,,Twitter,,,,
Twitter Search Recent Norovirus,,,Twitter,,,,
Twitter Search Recent Norovirus,,england498,Twitter,7.03E+17,,,200 students reportedly sickened by norovirus at Miami University of Ohio https://t.co/ItAZYTWHKB via @usatodaycollege
Twitter Search Recent Norovirus,lashanaaa,RyanMackintosh,Twitter,7.03E+17,Thu Mar 03 18:15:17 +0000 2016,carolina girl. ,RT @wsoctv: JUST IN: Several dozen @WingateUniv students reported symptoms similar to norovirus. They are testing to confirm.
Twitter Search Recent Norovirus,Tim Wood,,Twitter,,Thu Mar 03 18:07:42 +0000 2016,"Chapel Hill, NC",
Twitter Search Recent Norovirus,,guymetropolis,Twitter,7.03E+17,,,#Oregon #Norovirus Outbreak Linked to Yaquina Bay Oysters https://t.co/Oux09xbnAZ
Twitter Search Recent Norovirus,MyCollegeCalendar,,Twitter,,Thu Mar 03 18:04:35 +0000 2016,San Francisco,
Twitter Search Recent Norovirus,Jon Escott,HolmesChapelNHS,Twitter,7.03E+17,Thu Mar 03 18:03:26 +0000 2016,"Pontypool, Wales",RT @NHSEngland: Norovirus spreads really easily. Stay away from young and old to stop the spread #staywellthiswinter @NHSChoices https://t.Ö
Twitter Search Recent Norovirus,,,Twitter,,,,
Twitter Search Recent Norovirus,,,Twitter,,,,
Twitter Search Recent Norovirus,,,Twitter,,,,
Twitter Search Recent Norovirus,Rene Wheeler,twinlang,Twitter,7.03E+17,Thu Mar 03 18:00:43 +0000 2016,,I so do not want to get this! #SayNoToTheNorovirus #FreshU  https://t.co/fxCFmXjcjL https://t.co/GEGyha2xw8
Twitter Search Recent Norovirus,Monica Pendleton,,Twitter,,Thu Mar 03 17:59:42 +0000 2016,"Tampa, FL",
Twitter Search Recent Norovirus,,,Twitter,,,,
Twitter Search Recent Norovirus,,,Twitter,,,,
Twitter Search Recent Norovirus,AaronWork,newscientist_ag,Twitter,7.03E+17,Thu Mar 03 17:59:18 +0000 2016,"Ypsilanti, MI",Norovirus outbreak presents a research opportunity for scientists - Michigan Radio #norovirus https://t.co/oPJhaXYaH8
Twitter Search Recent Norovirus,,seaoddersea,Twitter,7.03E+17,,,can't believe out of all the school's in Liverpool our school archbishop beck would get the norovirus the school is closed tomorrow
Twitter Search Recent Norovirus,,mastruman,Twitter,7.03E+17,,,"RT @UMHealthSystem: It's in the @freep, it must be true: Our scientists want your poop. (only if you've had #norovirus): https://t.co/SojiCÖ"
Twitter Search Recent Norovirus,,,Twitter,,,,
Twitter Search Recent Norovirus,?????? ??????????a,,Twitter,,Thu Mar 03 17:57:06 +0000 2016,,
Twitter Search Recent Norovirus,AJtheEarlicker,k_hicks13,Twitter,7.03E+17,Thu Mar 03 17:53:39 +0000 2016,"Chatsworth, CA",RT @wsoctv: JUST IN: Several dozen @WingateUniv students reported symptoms similar to norovirus. They are testing to confirm.
Twitter Search Recent Norovirus,,,Twitter,,,,
Twitter Search Recent Norovirus,James Wilkinson,seaoddersea,Twitter,7.03E+17,Thu Mar 03 17:46:20 +0000 2016,"Liverpool, England",RT @LivEchonews: Norovirus vomiting bug outbreak at Archbishop Beck Catholic Sports College https://t.co/U59quNpq5G https://t.co/qOCiECO3b0
Twitter Search Recent Norovirus,,,Twitter,,,,
Twitter Search Recent Norovirus,,,Twitter,,,,
Twitter Search Recent Norovirus,,,Twitter,,,,
Twitter Search Recent Norovirus,Andrew Singer,reporterdavidj,Twitter,7.03E+17,Thu Mar 03 17:45:08 +0000 2016,"Wallingford, UK ","RT @UMHealthSystem: It's in the @freep, it must be true: Our scientists want your poop. (only if you've had #norovirus): https://t.co/SojiCÖ"
Twitter Search Recent Norovirus,,,Twitter,,,,
Twitter Search Recent Norovirus,,,Twitter,,,,
Twitter Search Recent Norovirus,,duffy_ma,Twitter,7.03E+17,,,"RT @UMHealthSystem: It's in the @freep, it must be true: Our scientists want your poop. (only if you've had #norovirus): https://t.co/SojiCÖ"
Twitter Search Recent Norovirus,John@Vasculitis UK,,Twitter,,Thu Mar 03 17:40:18 +0000 2016,UK,
Twitter Search Recent Norovirus,Cogito,,Twitter,,Thu Mar 03 17:32:31 +0000 2016,"California, USA",
Twitter Search Recent Norovirus,,karag,Twitter,7.03E+17,,,"RT @UMHealthSystem: It's in the @freep, it must be true: Our scientists want your poop. (only if you've had #norovirus): https://t.co/SojiCÖ"
Twitter Search Recent Norovirus,Hyper Hygiene,,Twitter,,Thu Mar 03 17:31:58 +0000 2016,United Kingdom,
Twitter Search Recent Norovirus,,,Twitter,,,,
Twitter Search Recent Norovirus,,,Twitter,7.03E+17,,,"It's in the @freep, it must be true: Our scientists want your poop. (only if you've had #norovirus): https://t.co/SojiCIjXMw @reporterdavidj"
ResultsUmich,UniversityofMichigan,UMich,Twitter,7.05E+17,Thu Mar 03 20:00:29 +0000 2016,"Ann Arbor, MI",Results from a new experimental technique may make medicines easier on your liver & the environment. https://t.co/gdibX21BNf
ResultsUmich,UniversityofMichigan,UMich,Twitter,7.05E+17,Thu Mar 03 18:58:51 +0000 2016,"Ann Arbor, MI","RT @UM_SPH: These @UMich students are helping farmers in #India reap better, safer harvests: https://t.co/NPW0FGYtfg https://t.co/GjZzmG1jYc"
ResultsUmich,,,Twitter,,,,
ResultsUmich,,,Twitter,,,,
ResultsUmich,,,Twitter,,,,
ResultsUmich,UniversityofMichigan,UMich,Twitter,7.05E+17,Thu Mar 03 18:00:49 +0000 2016,"Ann Arbor, MI",#GIFparty?  Our furry campus friend is on his way. #GoBlue ?? https://t.co/PkCnXjZnmo
ResultsUmich,,,Twitter,,,,
ResultsUmich,,,Twitter,,,,
ResultsUmich,,,Twitter,,,,
ResultsUmich,UniversityofMichigan,UMich,Twitter,7.05E+17,Thu Mar 03 17:00:49 +0000 2016,"Ann Arbor, MI","Never settle for ordinary #Wolverines, always strive for the extraordinary! #NationalReadingMonth https://t.co/NMxhXed7dm"
ResultsUmich,,,Twitter,,,,
ResultsUmich,,,Twitter,,,,
ResultsUmich,,,Twitter,,,,
ResultsUmich,UniversityofMichigan,UMich,Twitter,7.05E+17,Thu Mar 03 16:04:34 +0000 2016,"Ann Arbor, MI",RT @UMichResearch: 40 million Americans don't get enough #sleep. @UMich faculty study the science behind sleep. https://t.co/fEklH4LCPZ httÖ
ResultsUmich,,,Twitter,,,,
ResultsUmich,,,Twitter,,,,
ResultsUmich,,,Twitter,,,,
ResultsUmich,UniversityofMichigan,UMich,Twitter,7.05E+17,Thu Mar 03 15:00:43 +0000 2016,"Ann Arbor, MI",[EVENT] A Cloth of Earth and Sky: The Healing Power of Nature through the Eyes of African American Quilters. https://t.co/KVvAprCEBf
ResultsUmich,UniversityofMichigan,UMich,Twitter,7.05E+17,Thu Mar 03 14:01:08 +0000 2016,"Ann Arbor, MI",RT @UMengineering: #TBT 1992: Early @Umich Engineering student experimentation with virtual reality. https://t.co/bjym0IpGwP
ResultsUmich,,,Twitter,,,,
ResultsUmich,,,Twitter,,,,
ResultsUmich,,,Twitter,,,,
ResultsUmich,UniversityofMichigan,UMich,Twitter,7.05E+17,Wed Mar 02 21:59:48 +0000 2016,"Ann Arbor, MI",RT @UMichResearch: .@UMich scientists developed a new weapon in the fight against children's #brain #tumors. https://t.co/djDZrHtZi1
ResultsUmich,,,Twitter,,,,
ResultsUmich,UniversityofMichigan,UMich,Twitter,7.05E+17,Wed Mar 02 21:00:33 +0000 2016,"Ann Arbor, MI",Words matter. What will you do with yours? #NationalReadingMonth https://t.co/9C3xhkyfOL
ResultsUmich,,,Twitter,,,,
ResultsUmich,,,Twitter,,,,
ResultsUmich,,,Twitter,,,,
ResultsUmich,UniversityofMichigan,UMich,Twitter,7.05E+17,Wed Mar 02 20:02:35 +0000 2016,"Ann Arbor, MI",RT @umichfootball: Off and running! Four runs in the first for the @tigers. All from great first base coaching of course! https://t.co/vA2aÖ
ResultsUmich,,,Twitter,,,,
ResultsUmich,,,Twitter,,,,
ResultsUmich,,,Twitter,,,,
ResultsUmich,,,Twitter,,,,
ResultsUmich,,,Twitter,,,,
ResultsUmich,UniversityofMichigan,UMich,Twitter,7.05E+17,Wed Mar 02 19:08:55 +0000 2016,"Ann Arbor, MI","Brandon Stanton, creator of @HumansOfNY is coming to A2! Get your tickets & join the conversation #HONYatUMich https://t.co/gEIDRRcH0c"
ResultsUmich,,,Twitter,,,,
ResultsUmich,,,Twitter,,,,
ResultsUmich,,,Twitter,,,,
ResultsUmich,UniversityofMichigan,UMich,Twitter,7.05E+17,Wed Mar 02 18:12:51 +0000 2016,"Ann Arbor, MI",RT @UMichiganNews: New #3D camera being developed by @UMengineering to be smaller & achieve higher resolutions https://t.co/M0ZjlVg58k httpÖ
ResultsUmich,,,Twitter,,,,
ResultsUmich,,,Twitter,,,,
ResultsUmich,,,Twitter,,,,
ResultsUmich,UniversityofMichigan,UMich,Twitter,7.05E+17,Wed Mar 02 17:00:45 +0000 2016,"Ann Arbor, MI","""People change themselves in order to fit the mold of what other people want & say...that isn't the dream."" https://t.co/Hed4EQjCrX"
ResultsUmich,UniversityofMichigan,UMich,Twitter,7.05E+17,Wed Mar 02 16:04:24 +0000 2016,"Ann Arbor, MI","RT @umichgradschool: Depression is real, and it's ok to ask for help. Read about a grad student's journey with depression & healing: https:Ö"
ResultsUmich,UniversityofMichigan,UMich,Twitter,7.05E+17,Wed Mar 02 15:13:45 +0000 2016,"Ann Arbor, MI","The English diction has altered through the centuries, with no change of substance, but a change of style: https://t.co/JZCQwavS7g"
ResultsUmich,UniversityofMichigan,UMich,Twitter,7.05E+17,Wed Mar 02 13:59:44 +0000 2016,"Ann Arbor, MI","RT @UMichResearch: ""One of the reasons why I did want to come to @UMich was because of the #research opportunities here."" https://t.co/c4RHÖ"
ResultsUmich,,,Twitter,,,,
ResultsUmich,UniversityofMichigan,UMich,Twitter,7.05E+17,Tue Mar 01 22:00:35 +0000 2016,"Ann Arbor, MI","""I'm very passionate about helping the population that can't help themselves,"" https://t.co/tZjAYEBP3A"
ResultsUmich,UniversityofMichigan,UMich,Twitter,7.05E+17,Tue Mar 01 21:04:03 +0000 2016,"Ann Arbor, MI",RT @umichgradschool: Grad students everywhere: Declare #IChoseUMich. Share your acceptance story & be pinned on our #Rackham map. https://tÖ
ResultsUmich,,,Twitter,,,,
ResultsUmich,,,Twitter,,,,
ResultsUmich,,,Twitter,,,,
ResultsUmich,UniversityofMichigan,UMich,Twitter,7.05E+17,Tue Mar 01 20:00:37 +0000 2016,"Ann Arbor, MI","Leading by example, Dr. Steven Boling @UMHealthSystem has demonstrated his commitment to health by running to work https://t.co/zWo8a334hH"
ResultsUmich,UniversityofMichigan,UMich,Twitter,7.05E+17,Tue Mar 01 18:31:16 +0000 2016,"Ann Arbor, MI",RT @UMichiganNews: .@MichiganRoss: Why are some male managers surrounded by diverse group of subordinates while others only hire men? httpsÖ
TwitterRecentMichiganDailyUserTweets,The Michigan Daily,michigandaily,Twitter,7.05E+17,Thu Mar 03 18:05:27 +0000 2016,"Ann Arbor, Michigan",Personal #Statement: What We Talk about When No One is Listening. https://t.co/89o41JKvo5 https://t.co/yfEAsCQwp3
TwitterRecentMichiganDailyUserTweets,,,Twitter,,,,
TwitterRecentMichiganDailyUserTweets,,,Twitter,,,,
TwitterRecentMichiganDailyUserTweets,,,Twitter,,,,
TwitterRecentMichiganDailyUserTweets,The Michigan Daily,michigandaily,Twitter,7.05E+17,Thu Mar 03 16:55:17 +0000 2016,"Ann Arbor, Michigan",.@JohnKasich misses @UMich campaign stop due to delayed flight.  https://t.co/j1Tbayzxae
TwitterRecentMichiganDailyUserTweets,,,Twitter,,,,
TwitterRecentMichiganDailyUserTweets,The Michigan Daily,michigandaily,Twitter,7.05E+17,Thu Mar 03 15:07:50 +0000 2016,"Ann Arbor, Michigan",The women of @umichgolf improved to seventh at Hurricane Invitational. https://t.co/yC2pV1qQ4P
TwitterRecentMichiganDailyUserTweets,The Michigan Daily,michigandaily,Twitter,7.05E+17,Thu Mar 03 04:10:49 +0000 2016,"Ann Arbor, Michigan","After delayed flight from New York to Michigan, @JohnKasich holds @UMich campaign stop via phone. https://t.co/bGBjkmLkFK"
TwitterRecentMichiganDailyUserTweets,,,Twitter,,,,
TwitterRecentMichiganDailyUserTweets,The Michigan Daily,michigandaily,Twitter,7.05E+17,Thu Mar 03 03:35:09 +0000 2016,"Ann Arbor, Michigan",The top 5 best and worst things that happened at the 88th #Oscars. https://t.co/94F1jRLFts https://t.co/zmPY2NOKt6
TwitterRecentMichiganDailyUserTweets,,,Twitter,,,,
TwitterRecentMichiganDailyUserTweets,,,Twitter,,,,
TwitterRecentMichiganDailyUserTweets,,,Twitter,,,,
TwitterRecentMichiganDailyUserTweets,The Michigan Daily,michigandaily,Twitter,7.05E+17,Thu Mar 03 01:55:12 +0000 2016,"Ann Arbor, Michigan",.@umichbaseball splits their first four games in California series. https://t.co/PFyZplZLPA
TwitterRecentMichiganDailyUserTweets,The Michigan Daily,michigandaily,Twitter,7.05E+17,Wed Mar 02 22:30:45 +0000 2016,"Ann Arbor, Michigan",Flaherty and Thome nab Big Ten honors for @umichwbball. https://t.co/k5LMj3ZIDv
TwitterRecentMichiganDailyUserTweets,The Michigan Daily,michigandaily,Twitter,7.05E+17,Wed Mar 02 20:45:36 +0000 2016,"Ann Arbor, Michigan",Personal #Statement: My life as a young dad. https://t.co/ojfKSyMm6l https://t.co/urynE4Kb2p
TwitterRecentMichiganDailyUserTweets,,,Twitter,,,,
TwitterRecentMichiganDailyUserTweets,,,Twitter,,,,
TwitterRecentMichiganDailyUserTweets,,,Twitter,,,,
TwitterRecentMichiganDailyUserTweets,The Michigan Daily,michigandaily,Twitter,7.05E+17,Wed Mar 02 17:30:33 +0000 2016,"Ann Arbor, Michigan",.@umichwbball opens Big Ten tournament vs. Iowa Thursday. https://t.co/TtDFVVH4g4 https://t.co/igOse7zSdX
TwitterRecentMichiganDailyUserTweets,,,Twitter,,,,
TwitterRecentMichiganDailyUserTweets,,,Twitter,,,,
TwitterRecentMichiganDailyUserTweets,,,Twitter,,,,
TwitterRecentMichiganDailyUserTweets,The Michigan Daily,michigandaily,Twitter,7.05E+17,Wed Mar 02 16:17:17 +0000 2016,"Ann Arbor, Michigan",#ICYMI: @umichbball shuts down LeVert for the rest of the season. https://t.co/dyGlswpTKW https://t.co/fhYEiFTnBm
TwitterRecentMichiganDailyUserTweets,,,Twitter,,,,
TwitterRecentMichiganDailyUserTweets,,,Twitter,,,,
TwitterRecentMichiganDailyUserTweets,,,Twitter,,,,
TwitterRecentMichiganDailyUserTweets,The Michigan Daily,michigandaily,Twitter,7.05E+17,Wed Mar 02 16:04:32 +0000 2016,"Ann Arbor, Michigan",.@umichbaseball kicks off second half of California tour with San Jose State. https://t.co/bxDZmzilul
TwitterRecentMichiganDailyUserTweets,The Michigan Daily,michigandaily,Twitter,7.05E+17,Wed Mar 02 02:25:11 +0000 2016,"Ann Arbor, Michigan","""The physical pain I experienced was agonizing, but the mental suffering was worse.""  https://t.co/opjI54RXHW"
TwitterRecentMichiganDailyUserTweets,The Michigan Daily,michigandaily,Twitter,7.05E+17,Tue Mar 01 22:50:35 +0000 2016,"Ann Arbor, Michigan","With must-win finale looming, @umichbball approach Iowa with March Madness mindset. https://t.co/5IxX6NGW0L https://t.co/8sSaqy80ju"
TwitterRecentMichiganDailyUserTweets,,,Twitter,,,,
TwitterRecentMichiganDailyUserTweets,,,Twitter,,,,
TwitterRecentMichiganDailyUserTweets,,,Twitter,,,,
TwitterRecentMichiganDailyUserTweets,The Michigan Daily,michigandaily,Twitter,7.05E+17,Tue Mar 01 19:45:23 +0000 2016,"Ann Arbor, Michigan",The top 5 best and worst things that happened at the 88th #Oscars. https://t.co/XDGWauvtDC https://t.co/hjDEhWuMrH
TwitterRecentMichiganDailyUserTweets,,,Twitter,,,,
TwitterRecentMichiganDailyUserTweets,,,Twitter,,,,
TwitterRecentMichiganDailyUserTweets,,,Twitter,,,,
TwitterRecentMichiganDailyUserTweets,The Michigan Daily,michigandaily,Twitter,7.05E+17,Tue Mar 01 17:45:20 +0000 2016,"Ann Arbor, Michigan","After a close battle, the men of @umichtrack finished fourth at the Big Ten Indoor Championships. https://t.co/Ru1rcS4xZs"
TwitterRecentMichiganDailyUserTweets,The Michigan Daily,michigandaily,Twitter,7.05E+17,Tue Mar 01 15:57:53 +0000 2016,"Ann Arbor, Michigan",.@umichbball coach John Beilein announces Caris LeVert shut down for remainder of season. https://t.co/v1ZqzaVa8t https://t.co/QWMSsz7pk3
TwitterRecentMichiganDailyUserTweets,,,Twitter,,,,
TwitterRecentMichiganDailyUserTweets,,,Twitter,,,,
TwitterRecentMichiganDailyUserTweets,,,Twitter,,,,
TwitterRecentMichiganDailyUserTweets,The Michigan Daily,michigandaily,Twitter,7.05E+17,Tue Mar 01 15:50:08 +0000 2016,"Ann Arbor, Michigan","#ICYMI: @UMich launched TechCity, a program allowing transportation startups to partner with researchers at Mcity. https://t.co/LPilLTalY2"
TwitterRecentMichiganDailyUserTweets,The Michigan Daily,michigandaily,Twitter,7.04E+17,Tue Mar 01 02:50:14 +0000 2016,"Ann Arbor, Michigan",'Mental lapses' in transitions doomed @umichbball in their 69-57 loss to Wisconsin. https://t.co/icm3LkAnSf
TwitterRecentMichiganDailyUserTweets,The Michigan Daily,michigandaily,Twitter,7.04E+17,Mon Feb 29 23:45:32 +0000 2016,"Ann Arbor, Michigan",.@umichsoftball leaves weekend in California with four wins in five games. https://t.co/hYkSq1FORj https://t.co/yoJUX4Q2XC
TwitterRecentMichiganDailyUserTweets,,,Twitter,,,,
TwitterRecentMichiganDailyUserTweets,,,Twitter,,,,
TwitterRecentMichiganDailyUserTweets,,,Twitter,,,,
TwitterRecentMichiganDailyUserTweets,The Michigan Daily,michigandaily,Twitter,7.04E+17,Mon Feb 29 21:35:15 +0000 2016,"Ann Arbor, Michigan",.@umichlacrosse began their Spring Break with a dominating 10-7 victory over Delaware. https://t.co/DN2VRN4OCW https://t.co/tlYV6WyC90
TwitterSearch NorovirusFebruaryDateRange,Ania Owczarczyk,cebulka26,Twitter,7.03E+17,Thu Feb 25 23:55:40 +0000 2016,"Ann Arbor, MI | CO | NYS | PL","RT @UMHealthSystem: It's in the @freep, it must be true: Our scientists want your poop. (only if you've had #norovirus): https://t.co/SojiCÖ"
TwitterSearch NorovirusFebruaryDateRange,,,Twitter,,,,
TwitterSearch NorovirusFebruaryDateRange,,,Twitter,,,,
TwitterSearch NorovirusFebruaryDateRange,Nancy,england498,Twitter,7.03E+17,Thu Feb 25 23:53:50 +0000 2016,,200 students reportedly sickened by norovirus at Miami University of Ohio https://t.co/ItAZYTWHKB via @usatodaycollege
TwitterSearch NorovirusFebruaryDateRange,Ryan Mackintosh,RyanMackintosh,Twitter,7.03E+17,Thu Feb 25 23:50:30 +0000 2016,,RT @wsoctv: JUST IN: Several dozen @WingateUniv students reported symptoms similar to norovirus. They are testing to confirm.
TwitterSearch NorovirusFebruaryDateRange,,,Twitter,,,,
TwitterSearch NorovirusFebruaryDateRange,Christopher Peterson,guymetropolis,Twitter,7.03E+17,Thu Feb 25 23:46:04 +0000 2016,,#Oregon #Norovirus Outbreak Linked to Yaquina Bay Oysters https://t.co/Oux09xbnAZ
TwitterSearch NorovirusFebruaryDateRange,,,Twitter,,,,
TwitterSearch NorovirusFebruaryDateRange,Holmes Chapel HC,HolmesChapelNHS,Twitter,7.03E+17,Thu Feb 25 23:46:04 +0000 2016,Holmes Chapel Health Centre,RT @NHSEngland: Norovirus spreads really easily. Stay away from young and old to stop the spread #staywellthiswinter @NHSChoices https://t.Ö
TwitterSearch NorovirusFebruaryDateRange,,,Twitter,,,,
TwitterSearch NorovirusFebruaryDateRange,,,Twitter,,,,
TwitterSearch NorovirusFebruaryDateRange,,,Twitter,,,,
TwitterSearch NorovirusFebruaryDateRange,Taylor Lang,twinlang,Twitter,7.03E+17,Thu Feb 25 23:44:39 +0000 2016,Syracuse University,I so do not want to get this! #SayNoToTheNorovirus #FreshU  https://t.co/fxCFmXjcjL https://t.co/GEGyha2xw8
TwitterSearch NorovirusFebruaryDateRange,,,Twitter,,,,
TwitterSearch NorovirusFebruaryDateRange,,,Twitter,,,,
TwitterSearch NorovirusFebruaryDateRange,,,Twitter,,,,
TwitterSearch NorovirusFebruaryDateRange,New Scientist agent,newscientist_ag,Twitter,7.03E+17,Thu Feb 25 23:43:11 +0000 2016,,Norovirus outbreak presents a research opportunity for scientists - Michigan Radio #norovirus https://t.co/oPJhaXYaH8
TwitterSearch NorovirusFebruaryDateRange,James Walker [SDMN],seaoddersea,Twitter,7.03E+17,Thu Feb 25 23:42:07 +0000 2016,,can't believe out of all the school's in Liverpool our school archbishop beck would get the norovirus the school is closed tomorrow
TwitterSearch NorovirusFebruaryDateRange,Maryann Struman,mastruman,Twitter,7.03E+17,Thu Feb 25 23:41:55 +0000 2016,Detroit,"RT @UMHealthSystem: It's in the @freep, it must be true: Our scientists want your poop. (only if you've had #norovirus): https://t.co/SojiCÖ"
TwitterSearch NorovirusFebruaryDateRange,,,Twitter,,,,
TwitterSearch NorovirusFebruaryDateRange,,,Twitter,,,,
TwitterSearch NorovirusFebruaryDateRange,Kay,k_hicks13,Twitter,7.03E+17,Thu Feb 25 23:41:29 +0000 2016,United States,RT @wsoctv: JUST IN: Several dozen @WingateUniv students reported symptoms similar to norovirus. They are testing to confirm.
TwitterSearch NorovirusFebruaryDateRange,,,Twitter,,,,
TwitterSearch NorovirusFebruaryDateRange,James Walker [SDMN],seaoddersea,Twitter,7.03E+17,Thu Feb 25 23:40:30 +0000 2016,,RT @LivEchonews: Norovirus vomiting bug outbreak at Archbishop Beck Catholic Sports College https://t.co/U59quNpq5G https://t.co/qOCiECO3b0
TwitterSearch NorovirusFebruaryDateRange,,,Twitter,,,,
TwitterSearch NorovirusFebruaryDateRange,,,Twitter,,,,
TwitterSearch NorovirusFebruaryDateRange,,,Twitter,,,,
TwitterSearch NorovirusFebruaryDateRange,David Jesse,reporterdavidj,Twitter,7.03E+17,Thu Feb 25 23:40:21 +0000 2016,Detroit,"RT @UMHealthSystem: It's in the @freep, it must be true: Our scientists want your poop. (only if you've had #norovirus): https://t.co/SojiCÖ"
TwitterSearch NorovirusFebruaryDateRange,,,Twitter,,,,
TwitterSearch NorovirusFebruaryDateRange,,,Twitter,,,,
TwitterSearch NorovirusFebruaryDateRange,Meghan Duffy,duffy_ma,Twitter,7.03E+17,Thu Feb 25 23:40:15 +0000 2016,"Ann Arbor, MI","RT @UMHealthSystem: It's in the @freep, it must be true: Our scientists want your poop. (only if you've had #norovirus): https://t.co/SojiCÖ"
TwitterSearch NorovirusFebruaryDateRange,,,Twitter,,,,
TwitterSearch NorovirusFebruaryDateRange,,,Twitter,,,,
TwitterSearch NorovirusFebruaryDateRange,Kara Gavin,karag,Twitter,7.03E+17,Thu Feb 25 23:37:18 +0000 2016,"iPhone: 42.363846,-83.469330","RT @UMHealthSystem: It's in the @freep, it must be true: Our scientists want your poop. (only if you've had #norovirus): https://t.co/SojiCÖ"
TwitterSearch NorovirusFebruaryDateRange,,,Twitter,,,,
TwitterSearch NorovirusFebruaryDateRange,,,Twitter,,,,
TwitterSearch NorovirusFebruaryDateRange,U-M Health System,UMHealthSystem,Twitter,7.03E+17,Thu Feb 25 23:34:25 +0000 2016,Ann Arbor,"It's in the @freep, it must be true: Our scientists want your poop. (only if you've had #norovirus): https://t.co/SojiCIjXMw @reporterdavidj"
Twitter University of Texas Sports,University of Texas,UTexas_Sports,Twitter,7.06E+17,Fri Mar 04 13:48:09 +0000 2016,"Austin, TX",RT @TexasMBB: It's GAMEDAY!! Good morning from Stillwater. #Horns at Ok State at 8 CT on ESPN2. https://t.co/3bN1yA4CNe
Twitter University of Texas Sports,,,Twitter,,,,
Twitter University of Texas Sports,,,Twitter,,,,
Twitter University of Texas Sports,,,Twitter,,,,
Twitter University of Texas Sports,University of Texas,UTexas_Sports,Twitter,7.06E+17,Fri Mar 04 04:11:12 +0000 2016,"Austin, TX","RT @TexasMSD: Our favorite superhero, Batman (Brett Ringgold) @ Lee and Joe Jamail Texas Swimming Center https://t.co/x8dWYJADbq"
Twitter University of Texas Sports,,,Twitter,,,,
Twitter University of Texas Sports,,,Twitter,,,,
Twitter University of Texas Sports,,,Twitter,,,,
Twitter University of Texas Sports,University of Texas,UTexas_Sports,Twitter,7.06E+17,Fri Mar 04 02:43:23 +0000 2016,"Austin, TX",RT @Texas_Baseball: HOME RUN KACY CLEMENS! Longhorns get one back here to lead off the 8th. ??
Twitter University of Texas Sports,,,Twitter,,,,
Twitter University of Texas Sports,,,Twitter,,,,
Twitter University of Texas Sports,,,Twitter,,,,
Twitter University of Texas Sports,University of Texas,UTexas_Sports,Twitter,7.06E+17,Fri Mar 04 02:40:52 +0000 2016,"Austin, TX",RT @Texas_Baseball: Dunbar gets 'em in order. Kacy Clemens-Jake McKenzie-Zane Gurwitz scheduled to hit. ????
Twitter University of Texas Sports,,,Twitter,,,,
Twitter University of Texas Sports,,,Twitter,,,,
Twitter University of Texas Sports,,,Twitter,,,,
Twitter University of Texas Sports,University of Texas,UTexas_Sports,Twitter,7.06E+17,Fri Mar 04 01:33:16 +0000 2016,"Austin, TX",RT @Texas_Baseball: Allllllrighhhht! Joe Baker leads off the 4th with a standup double.??
Twitter University of Texas Sports,,,Twitter,,,,
Twitter University of Texas Sports,,,Twitter,,,,
Twitter University of Texas Sports,,,Twitter,,,,
Twitter University of Texas Sports,University of Texas,UTexas_Sports,Twitter,7.06E+17,Fri Mar 04 01:33:10 +0000 2016,"Austin, TX",RT @Longhorn_FB: VIDEO: The Longhorns held their final workout today before the start of spring practice on Monday #HookEm #Believe https:/Ö
Twitter University of Texas Sports,,,Twitter,,,,
Twitter University of Texas Sports,,,Twitter,,,,
Twitter University of Texas Sports,University of Texas,UTexas_Sports,Twitter,7.06E+17,Fri Mar 04 01:33:03 +0000 2016,"Austin, TX","RT @Texas_Baseball: After four, Longhorns behind 2??-0??. Jon Malmin on to pitch."
Twitter University of Texas Sports,,,Twitter,,,,
Twitter University of Texas Sports,,,Twitter,,,,
Twitter University of Texas Sports,,,Twitter,,,,
Twitter University of Texas Sports,University of Texas,UTexas_Sports,Twitter,7.06E+17,Fri Mar 04 01:32:58 +0000 2016,"Austin, TX",RT @TexasSoccer: Good luck and safe trip Abby! #BostonBreakers https://t.co/ebNKnXALJ1
Twitter University of Texas Sports,,,Twitter,,,,
Twitter University of Texas Sports,,,Twitter,,,,
Twitter University of Texas Sports,,,Twitter,,,,
Twitter University of Texas Sports,University of Texas,UTexas_Sports,Twitter,7.06E+17,Fri Mar 04 00:49:59 +0000 2016,"Austin, TX",RT @Texas_Baseball: Cal gets a pair across in the third but a 6-4-3 ends the threat and Texas trails 2??-0?? entering the home half.
Twitter University of Texas Sports,University of Texas,UTexas_Sports,Twitter,7.06E+17,Fri Mar 04 00:49:29 +0000 2016,"Austin, TX",RT @__rehtaeh: Little Longhorn #longhorns @Texas_Baseball https://t.co/wku5LkZwZN
Twitter University of Texas Sports,,,Twitter,,,,
Twitter University of Texas Sports,,,Twitter,,,,
Twitter University of Texas Sports,,,Twitter,,,,
Twitter University of Texas Sports,University of Texas,UTexas_Sports,Twitter,7.06E+17,Fri Mar 04 00:48:10 +0000 2016,"Austin, TX",We can look @ 2015 if you'd like Jerrod Heard & Tyrone Swoopes are great. How are Kyler Murray & Kyle Allen.... nvm https://t.co/vZcPTdnUDu
Twitter University of Texas Sports,,,Twitter,,,,
Twitter University of Texas Sports,,,Twitter,,,,
Twitter University of Texas Sports,University of Texas,UTexas_Sports,Twitter,7.06E+17,Fri Mar 04 00:38:28 +0000 2016,"Austin, TX",RT @TexasSports: Watch Game Plan with Shaka Smart at 5:30 p.m. CT on @LonghornNetwork or WatchESPN at https://t.co/1ORLzi189G. #longhorns
Twitter University of Texas Sports,,,Twitter,,,,
Twitter University of Texas Sports,University of Texas,UTexas_Sports,Twitter,7.06E+17,Fri Mar 04 00:38:25 +0000 2016,"Austin, TX",RT @LonghornNetwork: It's the showdown that's been building.   Lowell. Shaka. Dramatic music.   Game Plan airs tonight at 5:30 CT on LHN. hÖ
Twitter University of Texas Sports,,,Twitter,,,,
Twitter University of Texas Sports,,,Twitter,,,,
Twitter University of Texas Sports,,,Twitter,,,,
Twitter University of Texas Sports,,,Twitter,,,,
Twitter University of Texas Sports,,,Twitter,,,,
Twitter University of Texas Sports,University of Texas,UTexas_Sports,Twitter,7.06E+17,Fri Mar 04 00:38:15 +0000 2016,"Austin, TX","RT @Texas_Baseball: Tres Barrera reaches third base in the bottom of the second, but the game remains scoreless entering the third. #HookEm!"
Twitter University of Texas Sports,,,Twitter,,,,
Twitter University of Texas Sports,,,Twitter,,,,
Twitter University of Texas Sports,,,Twitter,,,,
Twitter University of Texas Sports,University of Texas,UTexas_Sports,Twitter,7.06E+17,Fri Mar 04 00:38:08 +0000 2016,"Austin, TX",RT @texaslippy: Thanks to the @Texas_Baseball gate crew for the ball! The friendliest folks around. #HookEm #Longhorns https://t.co/5zioEJXÖ
Twitter University of Texas Sports,,,Twitter,,,,
Twitter University of Texas Sports,,,Twitter,,,,
Twitter University of Texas Sports,,,Twitter,,,,
Twitter University of Texas Sports,University of Texas,UTexas_Sports,Twitter,7.06E+17,Fri Mar 04 00:22:51 +0000 2016,"Austin, TX",RT @TexasMSD: ASCC results link https://t.co/sHcCeeLv0I
Twitter University of Texas Sports,,,Twitter,,,,
Twitter University of Texas Sports,,,Twitter,,,,
Twitter University of Texas Sports,University of Texas,UTexas_Sports,Twitter,7.06E+17,Fri Mar 04 00:06:20 +0000 2016,"Austin, TX",RT @Texas_Baseball: First pitch from Kingham and we're a go in Austin. ??
Twitter University of Texas Sports,,,Twitter,,,,
Twitter University of Texas Sports,,,Twitter,,,,
Twitter University of Texas Sports,,,Twitter,,,,
Twitter University of Texas Sports,University of Texas,UTexas_Sports,Twitter,7.06E+17,Fri Mar 04 00:02:37 +0000 2016,"Austin, TX",RT @TexasWBB: Young Women's Leadership Academy in San Antonio sends their love to OKC-bound Horns! https://t.co/zklsfCawbp
Twitter University of Texas Sports,,,Twitter,,,,
Twitter University of Texas Sports,,,Twitter,,,,
Twitter University of Texas Sports,,,Twitter,,,,
Twitter University of Texas Sports,University of Texas,UTexas_Sports,Twitter,7.06E+17,Fri Mar 04 00:02:31 +0000 2016,"Austin, TX","RT @TexasExes: Congrats @TexasWBB's Imani Boyette, the league's top shot blocker & @TheAlcalde cover star: https://t.co/LiEJBNQw10 https://Ö"
Twitter University of Texas Sports,,,Twitter,,,,
Twitter University of Texas Sports,,,Twitter,,,,
Twitter University of Texas Sports,,,Twitter,,,,
Twitter University of Texas Sports,University of Texas,UTexas_Sports,Twitter,7.06E+17,Thu Mar 03 22:55:52 +0000 2016,"Austin, TX",RT @Pacers: Rookie of the Month: See more highlights from @Original_Turner's month of February here ?? https://t.co/qFGmLpUDiT   https://t.Ö
resultAthensGA.csv,Jobs USA,US4USA,Twitter,7.05773E+17,Fri Mar 04 15:11:49 +0000 2016,,Warehouse Worker ‚Äì Univ. of GA ‚Äì Conc./Sanford Stadium: Aramark Location : Athens GA US About Aramark Aramark ... https://t.co/pXr8xfgnjN
resultAthensGA.csv,Vicki Marshall,VickiMCareers,Twitter,7.05772E+17,Fri Mar 04 15:08:19 +0000 2016,"Portland, Oregon","Hiring Now: Restaurant Manager #jobs #jobs in Athens, GA https://t.co/6Cry0WQpFk #job"
resultAthensGA.csv,Catherine Koonce,Catherinedk_,Twitter,7.05771E+17,Fri Mar 04 15:06:47 +0000 2016,"Athens, GA","Finally bought a reusable cup! (@ Jittery Joe's in Athens, GA) https://t.co/1UemGbBzOq"
resultAthensGA.csv,Kim Delp,DelpKim,Twitter,7.05771E+17,Fri Mar 04 15:04:47 +0000 2016,"Cary, NC","And we're off again. This time to Athens, GA. #GoGymDawgs. Check out our last adventure in Dark Side of the Medal https://t.co/PW84gT7kvM"
resultAthensGA.csv,Mr. DoRight,MrDoRightATL,Twitter,7.0577E+17,Fri Mar 04 14:59:34 +0000 2016,,"TONIGHT IT GOES DOWN...Ladies in &amp; around Athens, GA...Freaky Fridays with, ""The ATL Dream""!!!
Show starts at 8pm https://t.co/uZknPOSs9F"
resultAthensGA.csv,TMJ-GA Retail Jobs,tmj_ga_retail,Twitter,7.0577E+17,Fri Mar 04 14:59:21 +0000 2016,Georgia,"We're #hiring! Click to apply: Sales Associate - https://t.co/b3mbWJowEX #Retail #Athens, GA #Job #Jobs #CareerArc"
resultAthensGA.csv,DeLane,NadiaDeLane,Twitter,7.05769E+17,Fri Mar 04 14:56:32 +0000 2016,NYC,"Pulled up at the Athens, GA Barnes &amp; Noble ready to #Amwrite. https://t.co/lAAkpvsphh"
resultAthensGA.csv,Ryder Sanders,Ryder177,Twitter,7.05759E+17,Fri Mar 04 14:16:03 +0000 2016,Kennesaw Ga,Playing tonight in Athens Ga at The Roadhouse with @LynnSanders291 @ShaneRegal @drumminduck  @1017chuckfm https://t.co/DKPKNmbzvu
resultAthensGA.csv,Shane Regal,ShaneRegal,Twitter,7.05758E+17,Fri Mar 04 14:14:36 +0000 2016,"Atlanta, GA",RT @LynnSanders291: Tonight Athens Ga 9pm at The Roadhouse. @Ryder177 @drumminduck @ShaneRegal @1017chuckfm @949TheBull https://t.co/4xxYhN‚Ä¶
resultAthensGA.csv,Angie Lynn Carter,LynnSanders291,Twitter,7.05758E+17,Fri Mar 04 14:13:55 +0000 2016,Kennesaw Ga,Tonight Athens Ga 9pm at The Roadhouse. @Ryder177 @drumminduck @ShaneRegal @1017chuckfm @949TheBull https://t.co/4xxYhNkzTc
resultAthensGA.csv,TMJ-GA Health Jobs,tmj_ga_health,Twitter,7.05758E+17,Fri Mar 04 14:11:56 +0000 2016,Georgia,"#Healthcare #Job alert: Associate Dentist ‚Äì DDS / DMD (General Dental Practice) | Aspen Dental | #Athens, GA https://t.co/PNGSIw44gf #Jobs"
resultAthensGA.csv,Catherine Koonce,Catherinedk_,Twitter,7.05756E+17,Fri Mar 04 14:05:34 +0000 2016,"Athens, GA","Sunshine meeting (@ Jackson Street Building in Athens, GA) https://t.co/R2bWLV3Kz2"
resultAthensGA.csv,courtney,heycourtneyj,Twitter,7.05753E+17,Fri Mar 04 13:54:26 +0000 2016,"Atlanta, GA","I'm at Tate Student Center in Athens, GA https://t.co/IyLWAYZokp"
resultAthensGA.csv,All Jobs,All_Jobs_,Twitter,7.05753E+17,Fri Mar 04 13:53:51 +0000 2016,,"#Georgia #Job Warehouse Worker - Univ. of GA - Conc./Sanford Stadium - Aramark - Athens, GA: May be requ... https://t.co/CFMKpAc1br #Jobs"
resultAthensGA.csv,Yoc Yee,YocYee,Twitter,7.05748E+17,Fri Mar 04 13:33:03 +0000 2016,"El Paso, TX","Immediate Need:  Sales Manager in Athens, GA https://t.co/kye6Sgj34o #job"
resultUniversityOfGA,A .,amourTemera_,Twitter,7.05771E+17,Fri Mar 04 15:03:24 +0000 2016,AlbanyStateUniversity18,RT @LilEasy_35: Also Congrats to My boy WILL on getting his first offer from ......:......... THE UNIVERSITY OF GEORGIA.. #GoDawgs üê∂üêæüêæüêæüêæ
resultUniversityOfGA,UNG,UNG_News,Twitter,7.05771E+17,Fri Mar 04 15:02:58 +0000 2016,"Dahlonega, Georgia",UNG This Week - News from the University of North Georgia - https://t.co/7JT63uKFP9
resultUniversityOfGA,Eric Bluestein,EricBluestein,Twitter,7.0577E+17,Fri Mar 04 15:01:32 +0000 2016,,RT @jrayfleming: Yung Gunz Inc : 2018 6'4 PG William Richardson Receives 1st D1 Offer from the University Of Georgia. https://t.co/afVLRAs6‚Ä¶
resultUniversityOfGA,OGVegas,oguevara,Twitter,7.05769E+17,Fri Mar 04 14:57:33 +0000 2016,Ogden,RT @WSUCommDept: The 2016 WSDI is excited to welcome back Khalid Sharif of the University of West Georgia to the faculty this... https://t.‚Ä¶
resultUniversityOfGA,UGA Rabid Fans,UGARabidFans,Twitter,7.05769E+17,Fri Mar 04 14:57:03 +0000 2016,"Athens, Georgia",University of Georgia Board of Visitors welcomes new members https://t.co/hBOMz15SL1
resultUniversityOfGA,Dallas Social Media,DallasMedia,Twitter,7.05769E+17,Fri Mar 04 14:56:57 +0000 2016,,Donald Trump University Attack Ads On TV In Georgia https://t.co/gslHr3Xxv3
resultUniversityOfGA,cassidy lauren,cassirito,Twitter,7.05768E+17,Fri Mar 04 14:52:14 +0000 2016,,RT @LilEasy_35: Also Congrats to My boy WILL on getting his first offer from ......:......... THE UNIVERSITY OF GEORGIA.. #GoDawgs üê∂üêæüêæüêæüêæ
resultUniversityOfGA,UWGAdmissions,UWG_Admissions,Twitter,7.05768E+17,Fri Mar 04 14:51:29 +0000 2016,,RT @_aleynx: university of west georgia is my final college decision üîµüî¥ #UWG20 üê∫
resultUniversityOfGA,Splashby35‚òîÔ∏è,H_Ashby18,Twitter,7.05768E+17,Fri Mar 04 14:51:01 +0000 2016,,RT @jrayfleming: Yung Gunz Inc : 2018 6'4 PG William Richardson Receives 1st D1 Offer from the University Of Georgia. https://t.co/afVLRAs6‚Ä¶
resultUniversityOfGA,Weber State Comm,WSUCommDept,Twitter,7.05767E+17,Fri Mar 04 14:48:34 +0000 2016,,The 2016 WSDI is excited to welcome back Khalid Sharif of the University of West Georgia to the faculty this... https://t.co/F3uy73mggC
resultUniversityOfGA,Shun Williams,OntheRadarHoops,Twitter,7.05766E+17,Fri Mar 04 14:46:09 +0000 2016,"Atlanta, Georgia",RT @jrayfleming: Yung Gunz Inc : 2018 6'4 PG William Richardson Receives 1st D1 Offer from the University Of Georgia. https://t.co/afVLRAs6‚Ä¶
resultUniversityOfGA,Jessie Fleming,jrayfleming,Twitter,7.05766E+17,Fri Mar 04 14:45:42 +0000 2016,,Yung Gunz Inc : 2018 6'4 PG William Richardson Receives 1st D1 Offer from the University Of Georgia. https://t.co/afVLRAs60j
resultUniversityOfGA,World News Media Net,worldnewsmedia1,Twitter,7.05766E+17,Fri Mar 04 14:44:08 +0000 2016,Oakland and Atlanta,"RT zennie62 ""Donald Trump University Attack Ads On TV In Georgia https://t.co/oFQcz969iq #youtube"""
resultUniversityOfGA,World News Media Net,worldnewsmedia1,Twitter,7.05766E+17,Fri Mar 04 14:44:08 +0000 2016,Oakland and Atlanta,"RT zennie62 ""Donald Trump University Attack Ads On TV In Georgia https://t.co/oFQcz969iq #news"""
resultUniversityOfGA,World News Media Net,worldnewsmedia1,Twitter,7.05766E+17,Fri Mar 04 14:44:08 +0000 2016,Oakland and Atlanta,"RT zennie62 ""Trump University Attack Ads On TV In Georgia ‚Äì Video https://t.co/YBlf9JjN9f #news"""
resultGEorgiaDawgs,Georgia Bulldogs,georgiabulldogs,Twitter,7.05766E+17,Fri Mar 04 14:45:55 +0000 2016,"Athens, Georgia","I cannot predict the future.
I can say Kirby Smart is neither smug or complacent. 

If someone cannot see the chan‚Ä¶ https://t.co/XUTEI7zbeT"
resultGEorgiaDawgs,Georgia Bulldogs,georgiabulldogs,Twitter,7.05766E+17,Fri Mar 04 14:45:55 +0000 2016,"Athens, Georgia","Scooby....... I am not gaga as you said about our new

Coaches..... Speaking for myself it is an appreciation 

To‚Ä¶ https://t.co/wtRgabxhxG"
resultGEorgiaDawgs,Networklal,networklalpune,Twitter,7.05763E+17,Fri Mar 04 14:32:56 +0000 2016,India,Recruiting Roundtable: Dawgs gain momentum VIP: Brinks is set to join Georgia's staff after serving as the graphic...  imediasolutions.in
resultGEorgiaDawgs,Alan McGehee,AMac2690,Twitter,7.05763E+17,Fri Mar 04 14:32:32 +0000 2016,,Georgia Baseball Organist Does a Killer Take on The Weeknd #uga #dawgs https://t.co/IAqLWWZbqk https://t.co/9Puw0b9Vzb
resultGEorgiaDawgs,Rusty Mansell,Mansell247,Twitter,7.05762E+17,Fri Mar 04 14:29:52 +0000 2016,"Rome,Georgia",RT @KippLAdams: Recruiting Roundtable: Dawgs gain momentum https://t.co/ulDHXLsv6o via @Dawgs247 #UGA #Dawgs
resultGEorgiaDawgs,Coach Felder,RobReaves1,Twitter,7.05762E+17,Fri Mar 04 14:29:10 +0000 2016,"Atlanta,Ga.",RT @KippLAdams: Recruiting Roundtable: Dawgs gain momentum https://t.co/ulDHXLsv6o via @Dawgs247 #UGA #Dawgs
resultGEorgiaDawgs,Brion DeLoach,BrionDeloach,Twitter,7.05761E+17,Fri Mar 04 14:25:03 +0000 2016,,RT @KippLAdams: Recruiting Roundtable: Dawgs gain momentum https://t.co/ulDHXLsv6o via @Dawgs247 #UGA #Dawgs
resultGEorgiaDawgs,LaTrice Williams,LaTriceSpeaks,Twitter,7.05761E+17,Fri Mar 04 14:24:01 +0000 2016,Atlanta,"RT @UGABasketball: DAWGS WIN!!! Georgia goes on the road to defeat South Carolina 74-72. #RaiseTheFlag, Dawg Nation! https://t.co/QtCGLGA5FO"
resultGEorgiaDawgs,Kipp Adams,KippLAdams,Twitter,7.05761E+17,Fri Mar 04 14:23:25 +0000 2016,"Acworth, GA",Recruiting Roundtable: Dawgs gain momentum https://t.co/ulDHXLsv6o via @Dawgs247 #UGA #Dawgs
resultGEorgiaDawgs,Brandon Hummer,Coach_Hummer,Twitter,7.05759E+17,Fri Mar 04 14:15:41 +0000 2016,,"RT @UGABasketball: DAWGS WIN!!! Georgia goes on the road to defeat South Carolina 74-72. #RaiseTheFlag, Dawg Nation! https://t.co/QtCGLGA5FO"
resultGEorgiaDawgs,Mark Graves,markgraves6201,Twitter,7.05758E+17,Fri Mar 04 14:11:36 +0000 2016,,"RT @Rivals: Continuing his impact at #Georgia - Kirby Smart lands a QB previously committed to #Bama 

https://t.co/RsohPXJ5rY https://t.co‚Ä¶"
resultGEorgiaDawgs,Ron Crawford,wingscoach10,Twitter,7.0575E+17,Fri Mar 04 13:41:03 +0000 2016,"Little Rock, AR","RT @UGABasketball: DAWGS WIN!!! Georgia goes on the road to defeat South Carolina 74-72. #RaiseTheFlag, Dawg Nation! https://t.co/QtCGLGA5FO"
resultGEorgiaDawgs,Rel,PrimeTime_Rel,Twitter,7.0574E+17,Fri Mar 04 13:01:33 +0000 2016,greystone,"RT @Rivals: Continuing his impact at #Georgia - Kirby Smart lands a QB previously committed to #Bama 

https://t.co/RsohPXJ5rY https://t.co‚Ä¶"
resultGEorgiaDawgs,Georgia Bulldogs,georgiabulldogs,Twitter,7.05736E+17,Fri Mar 04 12:45:06 +0000 2016,"Athens, Georgia",get a life scooby -growl https://t.co/K4QTX14LrR
resultGeorgiaBulldogs,Laura Read Lee,lauraread_lee,Twitter,7.05766E+17,Fri Mar 04 14:45:44 +0000 2016,,RT @HailStateMT: It's SEC time! The Bulldogs take on No. 16 Georgia at 1:30 p.m. Follow for live updates from Athens #HailState https://t.c‚Ä¶
resultGeorgiaBulldogs,MSU Men's Tennis,HailStateMT,Twitter,7.05763E+17,Fri Mar 04 14:31:22 +0000 2016,"Starkville, MS",It's SEC time! The Bulldogs take on No. 16 Georgia at 1:30 p.m. Follow for live updates from Athens #HailState https://t.co/fkN4kV7kRc
resultGeorgiaBulldogs,Rusty Mansell,Mansell247,Twitter,7.05762E+17,Fri Mar 04 14:29:52 +0000 2016,"Rome,Georgia",RT @KippLAdams: Recruiting Roundtable: Dawgs gain momentum https://t.co/ulDHXLsv6o via @Dawgs247 #UGA #Dawgs
resultGeorgiaBulldogs,Coach Felder,RobReaves1,Twitter,7.05762E+17,Fri Mar 04 14:29:10 +0000 2016,"Atlanta,Ga.",RT @KippLAdams: Recruiting Roundtable: Dawgs gain momentum https://t.co/ulDHXLsv6o via @Dawgs247 #UGA #Dawgs
resultGeorgiaBulldogs,Brion DeLoach,BrionDeloach,Twitter,7.05761E+17,Fri Mar 04 14:25:03 +0000 2016,,RT @KippLAdams: Recruiting Roundtable: Dawgs gain momentum https://t.co/ulDHXLsv6o via @Dawgs247 #UGA #Dawgs
resultGeorgiaBulldogs,Kipp Adams,KippLAdams,Twitter,7.05761E+17,Fri Mar 04 14:23:25 +0000 2016,"Acworth, GA",Recruiting Roundtable: Dawgs gain momentum https://t.co/ulDHXLsv6o via @Dawgs247 #UGA #Dawgs
resultGeorgiaBulldogs,Anthony Abramson,jicohozutyfi,Twitter,7.0576E+17,Fri Mar 04 14:20:37 +0000 2016,Houston,#Houston County's Jake Fromm changes commitment from Alabama to Georgia https://t.co/c9nacN7Zeh https://t.co/GNeIVvobwX
resultGeorgiaBulldogs,SB Nation College,sbncollege,Twitter,7.05759E+17,Fri Mar 04 14:17:20 +0000 2016,earthwide,Georgia Bulldogs Upset South Carolina Gamecocks on SEC Basketball Thursday https://t.co/uxIaduSBnP
resultGeorgiaBulldogs,Brandon Larrabee,TeamSpeedKills,Twitter,7.05755E+17,Fri Mar 04 14:00:26 +0000 2016,,Georgia rode a late surge to upset South Carolina last night: https://t.co/CKRTM8JG0S https://t.co/acLO0L8gPI
resultGeorgiaBulldogs,David Wunderlich,Year2,Twitter,7.05755E+17,Fri Mar 04 14:00:25 +0000 2016,"Naples, Italy",Georgia rode a late surge to upset South Carolina last night: https://t.co/129qy5OZqU https://t.co/8oGo0YUaRV
resultGeorgiaBulldogs,Deborah Morrison,debb71163,Twitter,7.05754E+17,Fri Mar 04 13:58:24 +0000 2016,USA,Georgia Bulldogs Inspired 12oz Beer/ Pop by morethanbearscrafts https://t.co/266TmT3gI9 via @Etsy
resultGeorgiaBulldogs,Baby's Store Online,iBabyShopping,Twitter,7.05753E+17,Fri Mar 04 13:53:34 +0000 2016,,#baby #girl #forsale Baby Girls UGA Georgia Bulldogs Football Red Black‚Ä¶ https://t.co/qGqwAeHOX0 #BabyGirl #Auction https://t.co/p5zZfyCB5h
resultGeorgiaBulldogs,Bulldawg Illustrated,GPoole_BI,Twitter,7.05745E+17,Fri Mar 04 13:20:21 +0000 2016,Georgia,SOFTBALL: Bulldogs Return Home to Host Georgia Softball Classic - Bulldawg Illustrated https://t.co/E05jCXml36
resultGeorgiaBulldogs,Bulldawg Illustrated,BD_illustrated,Twitter,7.05745E+17,Fri Mar 04 13:20:20 +0000 2016,"Georgia, USA",SOFTBALL: Bulldogs Return Home to Host Georgia Softball Classic - Bulldawg Illustrated https://t.co/tk3cfD9J3j
resultGeorgiaBulldogs,Michelita,tripletangels3,Twitter,7.05744E+17,Fri Mar 04 13:18:36 +0000 2016,,@Crimsontider @misterzootsuit @PolitiBunny @Dunroamin4ever Ummm.....Roll Tide is for Alabama. Atlanta is in Georgia which is Bulldogs.
resultUGA,Tina Eckard,bellaat5,Twitter,7.05762E+17,Fri Mar 04 14:30:39 +0000 2016,ATHENS GEORGIA,Hair by LaTia Brewer @ Bella Salon https://t.co/UY01IB0wBQ
resultUGA,Tina Eckard,bellaat5,Twitter,7.05762E+17,Fri Mar 04 14:29:51 +0000 2016,ATHENS GEORGIA,Hair by LaTia Brewer @ Bella Salon https://t.co/wTmy3m6NAp
resultUGA,Tina Eckard,bellaat5,Twitter,7.05762E+17,Fri Mar 04 14:28:50 +0000 2016,ATHENS GEORGIA,Up do by LaTia Brewer @ Bella Salon https://t.co/Xi109iyrCX
resultUGA,Sonam Desai,sonyewestt,Twitter,7.0576E+17,Fri Mar 04 14:22:09 +0000 2016,"Athens, GA",*insert rap lyric about how I only rock with the baddest* ...‚Ä¶ https://t.co/l3wglx4vQ3
resultUGA,courtney,heycourtneyj,Twitter,7.05753E+17,Fri Mar 04 13:54:26 +0000 2016,"Atlanta, GA","I'm at Tate Student Center in Athens, GA https://t.co/IyLWAYZokp"
resultUGA,Running blogs,runningblogs,Twitter,7.05751E+17,Fri Mar 04 13:45:26 +0000 2016,United Kingdom,"RT @carly_h3: Bloggin bout life, running, &amp; the road to success ‚úå‚úå
http://t.co/yF2emQ4xu1"
resultUGA,TMJ-GA Retail Jobs,tmj_ga_retail,Twitter,7.0574E+17,Fri Mar 04 13:02:43 +0000 2016,Georgia,"Want to work in #Athens, GA? View our latest opening: https://t.co/iRKiLfQJYU #Retail #Job #Jobs #Hiring #CareerArc"
resultUGA,Couture Bodies,couturebodies,Twitter,7.05719E+17,Fri Mar 04 11:40:00 +0000 2016,"Metro Atlanta/Athens, Georgia",#friday #plyometrics Jumping for joy and calorie deficits. Warm up ended up being just as tough‚Ä¶ https://t.co/SGyozCfkOY
resultUGA,Carmen BieberBaldwin,CarmenBieberJC,Twitter,7.05673E+17,Fri Mar 04 08:33:54 +0000 2016,,"RT @godsgirl8494: #twinning @ Athens, Georgia https://t.co/kcAvLD48p3"
resultUGA,Giovanni ~,ItsGCodeNigga,Twitter,7.05634E+17,Fri Mar 04 06:01:59 +0000 2016,Georgia,"#Fear #trunks #ssj @ Athens, Georgia https://t.co/tQYdTdQSXE"
resultUGA,Blane Marable,blanemarable,Twitter,7.05624E+17,Fri Mar 04 05:20:00 +0000 2016,Athens & UGA,Fun evening tonight being the photographer for the ladies of Theta and Phi Mu at their‚Ä¶ https://t.co/BULr3WHZDA
resultUGA,Erin Wu,e_wuhoo,Twitter,7.05614E+17,Fri Mar 04 04:40:22 +0000 2016,,Always so üî• #oldskoolpresents @ Hendershots Coffee https://t.co/FfL57oGvdd
resultUGA,Hannah Williams,Hannah_Brookee,Twitter,7.05606E+17,Fri Mar 04 04:07:20 +0000 2016,"Athens, GA",missing you and 127 a lot tonight @ Polo Club Condominiums https://t.co/DrVkRw6c7b
resultUGA,Imani Abrahamsen,imani44,Twitter,7.05603E+17,Fri Mar 04 03:58:28 +0000 2016,,"Drunk texting you
#dfxfam @ Dancefx Athens https://t.co/9IpuB4PtHs"
resultUGA,Chazz,Chazz_54,Twitter,7.05601E+17,Fri Mar 04 03:49:33 +0000 2016,University of Georgia,4 year Anniversary of the Spring Break Crew circa 2012 today feat OG‚Ä¶ https://t.co/xtIjaA30gH
