created_at,id,id_str,text,truncated,source,in_reply_to_status_id,in_reply_to_status_id_str,in_reply_to_user_id,in_reply_to_user_id_str,in_reply_to_screen_name,user__id,user__id_str,user__name,user__screen_name,user__location,user__description,user__url,user__entities__url__urls__url,user__entities__url__urls__expanded_url,user__entities__url__urls__display_url,user__entities__url__urls__indices__001,user__entities__url__urls__indices__002,user__protected,user__followers_count,user__friends_count,user__listed_count,user__created_at,user__favourites_count,user__utc_offset,user__time_zone,user__geo_enabled,user__verified,user__statuses_count,user__lang,user__contributors_enabled,user__is_translator,user__is_translation_enabled,user__profile_background_color,user__profile_background_image_url,user__profile_background_image_url_https,user__profile_background_tile,user__profile_image_url,user__profile_image_url_https,user__profile_banner_url,user__profile_link_color,user__profile_sidebar_border_color,user__profile_sidebar_fill_color,user__profile_text_color,user__profile_use_background_image,user__has_extended_profile,user__default_profile,user__default_profile_image,user__following,user__follow_request_sent,user__notifications,geo,coordinates,place,contributors,retweeted_status__created_at,retweeted_status__id,retweeted_status__id_str,retweeted_status__text,retweeted_status__truncated,retweeted_status__source,retweeted_status__in_reply_to_status_id,retweeted_status__in_reply_to_status_id_str,retweeted_status__in_reply_to_user_id,retweeted_status__in_reply_to_user_id_str,retweeted_status__in_reply_to_screen_name,retweeted_status__user__id,retweeted_status__user__id_str,retweeted_status__user__name,retweeted_status__user__screen_name,retweeted_status__user__location,retweeted_status__user__description,retweeted_status__user__url,retweeted_status__user__entities__url__urls__url,retweeted_status__user__entities__url__urls__expanded_url,retweeted_status__user__entities__url__urls__display_url,retweeted_status__user__entities__url__urls__indices__001,retweeted_status__user__entities__url__urls__indices__002,retweeted_status__user__protected,retweeted_status__user__followers_count,retweeted_status__user__friends_count,retweeted_status__user__listed_count,retweeted_status__user__created_at,retweeted_status__user__favourites_count,retweeted_status__user__utc_offset,retweeted_status__user__time_zone,retweeted_status__user__geo_enabled,retweeted_status__user__verified,retweeted_status__user__statuses_count,retweeted_status__user__lang,retweeted_status__user__contributors_enabled,retweeted_status__user__is_translator,retweeted_status__user__is_translation_enabled,retweeted_status__user__profile_background_color,retweeted_status__user__profile_background_image_url,retweeted_status__user__profile_background_image_url_https,retweeted_status__user__profile_background_tile,retweeted_status__user__profile_image_url,retweeted_status__user__profile_image_url_https,retweeted_status__user__profile_banner_url,retweeted_status__user__profile_link_color,retweeted_status__user__profile_sidebar_border_color,retweeted_status__user__profile_sidebar_fill_color,retweeted_status__user__profile_text_color,retweeted_status__user__profile_use_background_image,retweeted_status__user__has_extended_profile,retweeted_status__user__default_profile,retweeted_status__user__default_profile_image,retweeted_status__user__following,retweeted_status__user__follow_request_sent,retweeted_status__user__notifications,retweeted_status__geo,retweeted_status__coordinates,retweeted_status__place__id,retweeted_status__place__url,retweeted_status__place__place_type,retweeted_status__place__name,retweeted_status__place__full_name,retweeted_status__place__country_code,retweeted_status__place__country,retweeted_status__place__bounding_box__type,retweeted_status__place__bounding_box__coordinates__001,retweeted_status__place__bounding_box__coordinates__002,retweeted_status__place,retweeted_status__contributors,retweeted_status__quoted_status_id,retweeted_status__quoted_status_id_str,retweeted_status__quoted_status__created_at,retweeted_status__quoted_status__id,retweeted_status__quoted_status__id_str,retweeted_status__quoted_status__text,retweeted_status__quoted_status__truncated,retweeted_status__quoted_status__source,retweeted_status__quoted_status__in_reply_to_status_id,retweeted_status__quoted_status__in_reply_to_status_id_str,retweeted_status__quoted_status__in_reply_to_user_id,retweeted_status__quoted_status__in_reply_to_user_id_str,retweeted_status__quoted_status__in_reply_to_screen_name,retweeted_status__quoted_status__user__id,retweeted_status__quoted_status__user__id_str,retweeted_status__quoted_status__user__name,retweeted_status__quoted_status__user__screen_name,retweeted_status__quoted_status__user__location,retweeted_status__quoted_status__user__description,retweeted_status__quoted_status__user__url,retweeted_status__quoted_status__user__entities__|,retweeted_status__quoted_status__user__entities__|__urls__url,retweeted_status__quoted_status__user__entities__|__urls__expanded_url,retweeted_status__quoted_status__user__entities__|__urls__display_url,retweeted_status__quoted_status__user__entities__|__urls__indices__001,retweeted_status__quoted_status__user__entities__|__urls__indices__002,retweeted_status__quoted_status__user__protected,retweeted_status__quoted_status__user__followers_count,retweeted_status__quoted_status__user__friends_count,retweeted_status__quoted_status__user__listed_count,retweeted_status__quoted_status__user__created_at,retweeted_status__quoted_status__user__favourites_count,retweeted_status__quoted_status__user__utc_offset,retweeted_status__quoted_status__user__time_zone,retweeted_status__quoted_status__user__geo_enabled,retweeted_status__quoted_status__user__verified,retweeted_status__quoted_status__user__statuses_count,retweeted_status__quoted_status__user__lang,retweeted_status__quoted_status__user__contributors_enabled,retweeted_status__quoted_status__user__is_translator,retweeted_status__quoted_status__user__is_translation_enabled,retweeted_status__quoted_status__user__profile_background_color,retweeted_status__quoted_status__user__profile_background_image_url,retweeted_status__quoted_status__user__profile_background_image_url_https,retweeted_status__quoted_status__user__profile_background_tile,retweeted_status__quoted_status__user__profile_image_url,retweeted_status__quoted_status__user__profile_image_url_https,retweeted_status__quoted_status__user__profile_banner_url,retweeted_status__quoted_status__user__profile_link_color,retweeted_status__quoted_status__user__profile_sidebar_border_color,retweeted_status__quoted_status__user__profile_sidebar_fill_color,retweeted_status__quoted_status__user__profile_text_color,retweeted_status__quoted_status__user__profile_use_background_image,retweeted_status__quoted_status__user__has_extended_profile,retweeted_status__quoted_status__user__default_profile,retweeted_status__quoted_status__user__default_profile_image,retweeted_status__quoted_status__user__following,retweeted_status__quoted_status__user__follow_request_sent,retweeted_status__quoted_status__user__notifications,retweeted_status__quoted_status__geo,retweeted_status__quoted_status__coordinates,retweeted_status__quoted_status__place,retweeted_status__quoted_status__contributors,retweeted_status__quoted_status__is_quote_status,retweeted_status__quoted_status__retweet_count,retweeted_status__quoted_status__favorite_count,retweeted_status__quoted_status__entities__hashtags__text,retweeted_status__quoted_status__entities__hashtags__indices__001,retweeted_status__quoted_status__entities__hashtags__indices__002,retweeted_status__quoted_status__entities__user_mentions__screen_name,retweeted_status__quoted_status__entities__user_mentions__name,retweeted_status__quoted_status__entities__user_mentions__id,retweeted_status__quoted_status__entities__user_mentions__id_str,retweeted_status__quoted_status__entities__user_mentions__indices__001,retweeted_status__quoted_status__entities__user_mentions__indices__002,retweeted_status__quoted_status__entities__urls__url,retweeted_status__quoted_status__entities__urls__expanded_url,retweeted_status__quoted_status__entities__urls__display_url,retweeted_status__quoted_status__entities__urls__indices__001,retweeted_status__quoted_status__entities__urls__indices__002,retweeted_status__quoted_status__entities__media__id,retweeted_status__quoted_status__entities__media__id_str,retweeted_status__quoted_status__entities__media__indices__001,retweeted_status__quoted_status__entities__media__indices__002,retweeted_status__quoted_status__entities__media__media_url,retweeted_status__quoted_status__entities__media__media_url_https,retweeted_status__quoted_status__entities__media__url,retweeted_status__quoted_status__entities__media__display_url,retweeted_status__quoted_status__entities__media__expanded_url,retweeted_status__quoted_status__entities__media__type,retweeted_status__quoted_status__entities__media__sizes__|,retweeted_status__quoted_status__entities__media__sizes__|__w,retweeted_status__quoted_status__entities__media__sizes__|__h,retweeted_status__quoted_status__entities__media__sizes__|__resize,retweeted_status__quoted_status__extended_entities__media__id,retweeted_status__quoted_status__extended_entities__media__id_str,retweeted_status__quoted_status__extended_entities__media__indices__001,retweeted_status__quoted_status__extended_entities__media__indices__002,retweeted_status__quoted_status__extended_entities__media__media_url,retweeted_status__quoted_status__extended_entities__media__media_url_https,retweeted_status__quoted_status__extended_entities__media__url,retweeted_status__quoted_status__extended_entities__media__display_url,retweeted_status__quoted_status__extended_entities__media__expanded_url,retweeted_status__quoted_status__extended_entities__media__type,retweeted_status__quoted_status__extended_entities__media__sizes__|,retweeted_status__quoted_status__extended_entities__media__sizes__|__w,retweeted_status__quoted_status__extended_entities__media__sizes__|__h,retweeted_status__quoted_status__extended_entities__media__sizes__|__resize,retweeted_status__quoted_status__favorited,retweeted_status__quoted_status__retweeted,retweeted_status__quoted_status__possibly_sensitive,retweeted_status__quoted_status__lang,retweeted_status__is_quote_status,retweeted_status__retweet_count,retweeted_status__favorite_count,retweeted_status__entities__hashtags__text,retweeted_status__entities__hashtags__indices__001,retweeted_status__entities__hashtags__indices__002,retweeted_status__entities__user_mentions__screen_name,retweeted_status__entities__user_mentions__name,retweeted_status__entities__user_mentions__id,retweeted_status__entities__user_mentions__id_str,retweeted_status__entities__user_mentions__indices__001,retweeted_status__entities__user_mentions__indices__002,retweeted_status__entities__urls__url,retweeted_status__entities__urls__expanded_url,retweeted_status__entities__urls__display_url,retweeted_status__entities__urls__indices__001,retweeted_status__entities__urls__indices__002,retweeted_status__entities__media__id,retweeted_status__entities__media__id_str,retweeted_status__entities__media__indices__001,retweeted_status__entities__media__indices__002,retweeted_status__entities__media__media_url,retweeted_status__entities__media__media_url_https,retweeted_status__entities__media__url,retweeted_status__entities__media__display_url,retweeted_status__entities__media__expanded_url,retweeted_status__entities__media__type,retweeted_status__entities__media__sizes__|,retweeted_status__entities__media__sizes__|__w,retweeted_status__entities__media__sizes__|__h,retweeted_status__entities__media__sizes__|__resize,retweeted_status__extended_entities__media__id,retweeted_status__extended_entities__media__id_str,retweeted_status__extended_entities__media__indices__001,retweeted_status__extended_entities__media__indices__002,retweeted_status__extended_entities__media__media_url,retweeted_status__extended_entities__media__media_url_https,retweeted_status__extended_entities__media__url,retweeted_status__extended_entities__media__display_url,retweeted_status__extended_entities__media__expanded_url,retweeted_status__extended_entities__media__type,retweeted_status__extended_entities__media__sizes__|,retweeted_status__extended_entities__media__sizes__|__w,retweeted_status__extended_entities__media__sizes__|__h,retweeted_status__extended_entities__media__sizes__|__resize,retweeted_status__extended_entities__media__video_info__variants__bitrate,retweeted_status__extended_entities__media__video_info__aspect_ratio__001,retweeted_status__extended_entities__media__video_info__aspect_ratio__002,retweeted_status__extended_entities__media__video_info__duration_millis,retweeted_status__extended_entities__media__video_info__variants__content_type,retweeted_status__extended_entities__media__video_info__variants__url,retweeted_status__favorited,retweeted_status__retweeted,retweeted_status__possibly_sensitive,retweeted_status__lang,is_quote_status,retweet_count,favorite_count,entities__hashtags__text,entities__hashtags__indices__001,entities__hashtags__indices__002,entities__user_mentions__screen_name,entities__user_mentions__name,entities__user_mentions__id,entities__user_mentions__id_str,entities__user_mentions__indices__001,entities__user_mentions__indices__002,entities__urls__url,entities__urls__expanded_url,entities__urls__display_url,entities__urls__indices__001,entities__urls__indices__002,entities__media__id,entities__media__id_str,entities__media__indices__001,entities__media__indices__002,entities__media__media_url,entities__media__media_url_https,entities__media__url,entities__media__display_url,entities__media__expanded_url,entities__media__type,entities__media__sizes__|,entities__media__sizes__|__w,entities__media__sizes__|__h,entities__media__sizes__|__resize,entities__media__source_status_id,entities__media__source_status_id_str,entities__media__source_user_id,entities__media__source_user_id_str,extended_entities__media__id,extended_entities__media__id_str,extended_entities__media__indices__001,extended_entities__media__indices__002,extended_entities__media__media_url,extended_entities__media__media_url_https,extended_entities__media__url,extended_entities__media__display_url,extended_entities__media__expanded_url,extended_entities__media__type,extended_entities__media__sizes__|,extended_entities__media__sizes__|__w,extended_entities__media__sizes__|__h,extended_entities__media__sizes__|__resize,extended_entities__media__video_info__aspect_ratio__001,extended_entities__media__video_info__aspect_ratio__002,extended_entities__media__video_info__duration_millis,extended_entities__media__video_info__variants__bitrate,extended_entities__media__video_info__variants__content_type,extended_entities__media__video_info__variants__url,extended_entities__media__source_status_id,extended_entities__media__source_status_id_str,extended_entities__media__source_user_id,extended_entities__media__source_user_id_str,favorited,retweeted,possibly_sensitive,lang
Thu Mar 03 18:58:51 +0000 2016,7.05467E+17,7.05467E+17,"RT @UM_SPH: These @UMich students are helping farmers in #India reap better, safer harvests: https://t.co/NPW0FGYtfg https://t.co/GjZzmG1jYc",FALSE,"<a href=""http://twitter.com"" rel=""nofollow"">Twitter Web Client</a>",null,null,null,null,null,88836132,88836132,UniversityofMichigan,UMich,"Ann Arbor, MI","The world needs Victors. This is where they are made. Co??e to #Michigan. A world-renowned public institution, fostering excellence for all. #LeadersandBest",https://t.co/1E6wZT0bSU,https://t.co/1E6wZT0bSU,http://socialmedia.umich.edu,socialmedia.umich.edu,0,23,FALSE,143866,930,1320,Tue Nov 10 03:02:02 +0000 2009,5357,-18000,Eastern Time (US & Canada),TRUE,TRUE,14420,en,FALSE,FALSE,FALSE,84AFE1,http://pbs.twimg.com/profile_background_images/585445466034216960/ju_91JDS.jpg,https://pbs.twimg.com/profile_background_images/585445466034216960/ju_91JDS.jpg,FALSE,http://pbs.twimg.com/profile_images/672051381100908545/46bwdLFv_normal.png,https://pbs.twimg.com/profile_images/672051381100908545/46bwdLFv_normal.png,https://pbs.twimg.com/profile_banners/88836132/1453400249,2B70C4,FFFFFF,FEF3D3,333333,TRUE,FALSE,FALSE,FALSE,TRUE,FALSE,FALSE,null,null,null,null,Thu Mar 03 16:08:06 +0000 2016,7.05425E+17,7.05425E+17,"These @UMich students are helping farmers in #India reap better, safer harvests: https://t.co/NPW0FGYtfg https://t.co/GjZzmG1jYc",FALSE,"<a href=""http://twitter.com/download/iphone"" rel=""nofollow"">Twitter for iPhone</a>",null,null,null,null,null,24695651,24695651,UM Sch Public Health,UM_SPH,"Ann Arbor, MI",University of Michigan School of Public Health creates & shares knowledge to prevent disease & promote health. Office of Marketing/Communications posting.,http://t.co/Fb3TTV6RuG,http://t.co/Fb3TTV6RuG,http://www.sph.umich.edu/,sph.umich.edu,0,22,FALSE,10270,1816,443,Mon Mar 16 14:09:33 +0000 2009,1876,-18000,Eastern Time (US & Canada),TRUE,FALSE,10940,en,FALSE,FALSE,FALSE,0099B9,http://pbs.twimg.com/profile_background_images/465629430/bike.jpg,https://pbs.twimg.com/profile_background_images/465629430/bike.jpg,TRUE,http://pbs.twimg.com/profile_images/3626959592/cfcb93639e76dd825f405d4318c5db3a_normal.png,https://pbs.twimg.com/profile_images/3626959592/cfcb93639e76dd825f405d4318c5db3a_normal.png,https://pbs.twimg.com/profile_banners/24695651/1452197956,0099B9,FFFFFF,95E8EC,3C3940,TRUE,FALSE,FALSE,FALSE,FALSE,FALSE,FALSE,null,null,,,,,,,,,,,null,null,,,,,,,,,,,,,,,,,,,,,,,,,,,,,,,,,,,,,,,,,,,,,,,,,,,,,,,,,,,,,,,,,,,,,,,,,,,,,,,,,,,,,,,,,,,,,,,,,,,,,,,,,,,,,,,,,FALSE,2,2,India,45,51,UMich,UniversityofMichigan,88836132,88836132,6,12,https://t.co/NPW0FGYtfg,http://ns.umich.edu/new/releases/22935-desilting-ponds-in-india-benefit-farmers-environment,ns.umich.edu/new/releases/2…,81,104,7.05425E+17,7.05425E+17,105,128,http://pbs.twimg.com/media/Ccor3PJXIAAm14J.jpg,https://pbs.twimg.com/media/Ccor3PJXIAAm14J.jpg,https://t.co/GjZzmG1jYc,pic.twitter.com/GjZzmG1jYc,http://twitter.com/UM_SPH/status/705424519750676480/photo/1,photo,large,826,465,fit,7.05425E+17,7.05425E+17,105,128,http://pbs.twimg.com/media/Ccor3PJXIAAm14J.jpg,https://pbs.twimg.com/media/Ccor3PJXIAAm14J.jpg,https://t.co/GjZzmG1jYc,pic.twitter.com/GjZzmG1jYc,http://twitter.com/UM_SPH/status/705424519750676480/photo/1,photo,large,826,465,fit,,,,,,,FALSE,FALSE,FALSE,en,FALSE,2,0,India,57,63,UM_SPH,UM Sch Public Health,24695651,24695651,3,10,https://t.co/NPW0FGYtfg,http://ns.umich.edu/new/releases/22935-desilting-ponds-in-india-benefit-farmers-environment,ns.umich.edu/new/releases/2…,93,116,7.05425E+17,7.05425E+17,117,140,http://pbs.twimg.com/media/Ccor3PJXIAAm14J.jpg,https://pbs.twimg.com/media/Ccor3PJXIAAm14J.jpg,https://t.co/GjZzmG1jYc,pic.twitter.com/GjZzmG1jYc,http://twitter.com/UM_SPH/status/705424519750676480/photo/1,photo,large,826,465,fit,7.05425E+17,7.05425E+17,24695651,24695651,7.05425E+17,7.05425E+17,117,140,http://pbs.twimg.com/media/Ccor3PJXIAAm14J.jpg,https://pbs.twimg.com/media/Ccor3PJXIAAm14J.jpg,https://t.co/GjZzmG1jYc,pic.twitter.com/GjZzmG1jYc,http://twitter.com/UM_SPH/status/705424519750676480/photo/1,photo,large,826,465,fit,,,,,,,7.05425E+17,7.05425E+17,24695651,24695651,FALSE,FALSE,FALSE,en
,,,,,,,,,,,,,,,,,,,,,,,,,,,,,,,,,,,,,,,,,,,,,,,,,,,,,,,,,,,,,,,,,,,,,,,,,,,,,,,,,,,,,,,,,,,,,,,,,,,,,,,,,,,,,,,,,,,,,,,,,,,,,,,,,,,,,,,,,,,,,,,,,,,,,,,,,,,,,,,,,,,,,,,,,,,,,,,,,,,,,,,,,,,,,,,,,,,,,,,,,,,,,,,,,,,,,,,,,,,,,,,,,,,,,,,,,,,,,,,,,,,,,,,,,,,,,,,,,,,,,,,,,,,,,thumb,150,150,crop,,,,,,,,,,,thumb,150,150,crop,,,,,,,,,,,,,,,,,UMich,UniversityofMichigan,88836132,88836132,18,24,,,,,,,,,,,,,,,,thumb,150,150,crop,,,,,,,,,,,,,,,thumb,150,150,crop,,,,,,,,,,,,,,
,,,,,,,,,,,,,,,,,,,,,,,,,,,,,,,,,,,,,,,,,,,,,,,,,,,,,,,,,,,,,,,,,,,,,,,,,,,,,,,,,,,,,,,,,,,,,,,,,,,,,,,,,,,,,,,,,,,,,,,,,,,,,,,,,,,,,,,,,,,,,,,,,,,,,,,,,,,,,,,,,,,,,,,,,,,,,,,,,,,,,,,,,,,,,,,,,,,,,,,,,,,,,,,,,,,,,,,,,,,,,,,,,,,,,,,,,,,,,,,,,,,,,,,,,,,,,,,,,,,,,,,,,,,,,medium,600,338,fit,,,,,,,,,,,medium,600,338,fit,,,,,,,,,,,,,,,,,,,,,,,,,,,,,,,,,,,,,,medium,600,338,fit,,,,,,,,,,,,,,,medium,600,338,fit,,,,,,,,,,,,,,
,,,,,,,,,,,,,,,,,,,,,,,,,,,,,,,,,,,,,,,,,,,,,,,,,,,,,,,,,,,,,,,,,,,,,,,,,,,,,,,,,,,,,,,,,,,,,,,,,,,,,,,,,,,,,,,,,,,,,,,,,,,,,,,,,,,,,,,,,,,,,,,,,,,,,,,,,,,,,,,,,,,,,,,,,,,,,,,,,,,,,,,,,,,,,,,,,,,,,,,,,,,,,,,,,,,,,,,,,,,,,,,,,,,,,,,,,,,,,,,,,,,,,,,,,,,,,,,,,,,,,,,,,,,,,small,340,191,fit,,,,,,,,,,,small,340,191,fit,,,,,,,,,,,,,,,,,,,,,,,,,,,,,,,,,,,,,,small,340,191,fit,,,,,,,,,,,,,,,small,340,191,fit,,,,,,,,,,,,,,
Thu Mar 03 18:00:49 +0000 2016,7.05453E+17,7.05453E+17,#GIFparty?  Our furry campus friend is on his way. #GoBlue ?? https://t.co/PkCnXjZnmo,FALSE,"<a href=""http://twitter.com/download/iphone"" rel=""nofollow"">Twitter for iPhone</a>",null,null,null,null,null,88836132,88836132,UniversityofMichigan,UMich,"Ann Arbor, MI","The world needs Victors. This is where they are made. Co??e to #Michigan. A world-renowned public institution, fostering excellence for all. #LeadersandBest",https://t.co/1E6wZT0bSU,https://t.co/1E6wZT0bSU,http://socialmedia.umich.edu,socialmedia.umich.edu,0,23,FALSE,143866,930,1320,Tue Nov 10 03:02:02 +0000 2009,5357,-18000,Eastern Time (US & Canada),TRUE,TRUE,14420,en,FALSE,FALSE,FALSE,84AFE1,http://pbs.twimg.com/profile_background_images/585445466034216960/ju_91JDS.jpg,https://pbs.twimg.com/profile_background_images/585445466034216960/ju_91JDS.jpg,FALSE,http://pbs.twimg.com/profile_images/672051381100908545/46bwdLFv_normal.png,https://pbs.twimg.com/profile_images/672051381100908545/46bwdLFv_normal.png,https://pbs.twimg.com/profile_banners/88836132/1453400249,2B70C4,FFFFFF,FEF3D3,333333,TRUE,FALSE,FALSE,FALSE,TRUE,FALSE,FALSE,null,null,null,null,,,,,,,,,,,,,,,,,,,,,,,,,,,,,,,,,,,,,,,,,,,,,,,,,,,,,,,,,,,,,,,,,,,,,,,,,,,,,,,,,,,,,,,,,,,,,,,,,,,,,,,,,,,,,,,,,,,,,,,,,,,,,,,,,,,,,,,,,,,,,,,,,,,,,,,,,,,,,,,,,,,,,,,,,,,,,,,,,,,,,,,,,,,,,,,,,,,,,,,,,,,,,,,,,,,,,,,,,,,,,,,,,,,,,,,,,,,,,,FALSE,29,53,GIFparty,0,9,,,,,,,,,,,,7.05453E+17,7.05453E+17,61,84,http://pbs.twimg.com/tweet_video_thumb/CcpFlYZUMAAwyQN.jpg,https://pbs.twimg.com/tweet_video_thumb/CcpFlYZUMAAwyQN.jpg,https://t.co/PkCnXjZnmo,pic.twitter.com/PkCnXjZnmo,http://twitter.com/UMich/status/705452887401345024/photo/1,photo,medium,286,200,fit,,,,,7.05453E+17,7.05453E+17,61,84,http://pbs.twimg.com/tweet_video_thumb/CcpFlYZUMAAwyQN.jpg,https://pbs.twimg.com/tweet_video_thumb/CcpFlYZUMAAwyQN.jpg,https://t.co/PkCnXjZnmo,pic.twitter.com/PkCnXjZnmo,http://twitter.com/UMich/status/705452887401345024/photo/1,animated_gif,medium,286,200,fit,143,100,,0,video/mp4,https://pbs.twimg.com/tweet_video/CcpFlYZUMAAwyQN.mp4,,,,,FALSE,FALSE,FALSE,en
,,,,,,,,,,,,,,,,,,,,,,,,,,,,,,,,,,,,,,,,,,,,,,,,,,,,,,,,,,,,,,,,,,,,,,,,,,,,,,,,,,,,,,,,,,,,,,,,,,,,,,,,,,,,,,,,,,,,,,,,,,,,,,,,,,,,,,,,,,,,,,,,,,,,,,,,,,,,,,,,,,,,,,,,,,,,,,,,,,,,,,,,,,,,,,,,,,,,,,,,,,,,,,,,,,,,,,,,,,,,,,,,,,,,,,,,,,,,,,,,,,,,,,,,,,,,,,,,,,,,,,,,,,,,,,,,,,,,,,,,,,,,,,,,,,,,,,,,,,,,GoBlue,51,58,,,,,,,,,,,,,,,,,,,,,,large,286,200,fit,,,,,,,,,,,,,,,large,286,200,fit,,,,,,,,,,,,,,
,,,,,,,,,,,,,,,,,,,,,,,,,,,,,,,,,,,,,,,,,,,,,,,,,,,,,,,,,,,,,,,,,,,,,,,,,,,,,,,,,,,,,,,,,,,,,,,,,,,,,,,,,,,,,,,,,,,,,,,,,,,,,,,,,,,,,,,,,,,,,,,,,,,,,,,,,,,,,,,,,,,,,,,,,,,,,,,,,,,,,,,,,,,,,,,,,,,,,,,,,,,,,,,,,,,,,,,,,,,,,,,,,,,,,,,,,,,,,,,,,,,,,,,,,,,,,,,,,,,,,,,,,,,,,,,,,,,,,,,,,,,,,,,,,,,,,,,,,,,,,,,,,,,,,,,,,,,,,,,,,,,,thumb,150,150,crop,,,,,,,,,,,,,,,thumb,150,150,crop,,,,,,,,,,,,,,
,,,,,,,,,,,,,,,,,,,,,,,,,,,,,,,,,,,,,,,,,,,,,,,,,,,,,,,,,,,,,,,,,,,,,,,,,,,,,,,,,,,,,,,,,,,,,,,,,,,,,,,,,,,,,,,,,,,,,,,,,,,,,,,,,,,,,,,,,,,,,,,,,,,,,,,,,,,,,,,,,,,,,,,,,,,,,,,,,,,,,,,,,,,,,,,,,,,,,,,,,,,,,,,,,,,,,,,,,,,,,,,,,,,,,,,,,,,,,,,,,,,,,,,,,,,,,,,,,,,,,,,,,,,,,,,,,,,,,,,,,,,,,,,,,,,,,,,,,,,,,,,,,,,,,,,,,,,,,,,,,,,,small,286,200,fit,,,,,,,,,,,,,,,small,286,200,fit,,,,,,,,,,,,,,
Thu Mar 03 17:00:49 +0000 2016,7.05438E+17,7.05438E+17,"Never settle for ordinary #Wolverines, always strive for the extraordinary! #NationalReadingMonth https://t.co/NMxhXed7dm",FALSE,"<a href=""https://ads.twitter.com"" rel=""nofollow"">Twitter Ads</a>",null,null,null,null,null,88836132,88836132,UniversityofMichigan,UMich,"Ann Arbor, MI","The world needs Victors. This is where they are made. Co??e to #Michigan. A world-renowned public institution, fostering excellence for all. #LeadersandBest",https://t.co/1E6wZT0bSU,https://t.co/1E6wZT0bSU,http://socialmedia.umich.edu,socialmedia.umich.edu,0,23,FALSE,143866,930,1320,Tue Nov 10 03:02:02 +0000 2009,5357,-18000,Eastern Time (US & Canada),TRUE,TRUE,14420,en,FALSE,FALSE,FALSE,84AFE1,http://pbs.twimg.com/profile_background_images/585445466034216960/ju_91JDS.jpg,https://pbs.twimg.com/profile_background_images/585445466034216960/ju_91JDS.jpg,FALSE,http://pbs.twimg.com/profile_images/672051381100908545/46bwdLFv_normal.png,https://pbs.twimg.com/profile_images/672051381100908545/46bwdLFv_normal.png,https://pbs.twimg.com/profile_banners/88836132/1453400249,2B70C4,FFFFFF,FEF3D3,333333,TRUE,FALSE,FALSE,FALSE,TRUE,FALSE,FALSE,null,null,null,null,,,,,,,,,,,,,,,,,,,,,,,,,,,,,,,,,,,,,,,,,,,,,,,,,,,,,,,,,,,,,,,,,,,,,,,,,,,,,,,,,,,,,,,,,,,,,,,,,,,,,,,,,,,,,,,,,,,,,,,,,,,,,,,,,,,,,,,,,,,,,,,,,,,,,,,,,,,,,,,,,,,,,,,,,,,,,,,,,,,,,,,,,,,,,,,,,,,,,,,,,,,,,,,,,,,,,,,,,,,,,,,,,,,,,,,,,,,,,,FALSE,3,30,Wolverines,26,37,,,,,,,,,,,,7.05429E+17,7.05429E+17,98,121,http://pbs.twimg.com/media/CcowEzjUMAU-fCM.jpg,https://pbs.twimg.com/media/CcowEzjUMAU-fCM.jpg,https://t.co/NMxhXed7dm,pic.twitter.com/NMxhXed7dm,http://twitter.com/UMich/status/705437786245955584/photo/1,photo,medium,600,300,fit,,,,,7.05429E+17,7.05429E+17,98,121,http://pbs.twimg.com/media/CcowEzjUMAU-fCM.jpg,https://pbs.twimg.com/media/CcowEzjUMAU-fCM.jpg,https://t.co/NMxhXed7dm,pic.twitter.com/NMxhXed7dm,http://twitter.com/UMich/status/705437786245955584/photo/1,photo,medium,600,300,fit,,,,,,,,,,,FALSE,FALSE,FALSE,en
,,,,,,,,,,,,,,,,,,,,,,,,,,,,,,,,,,,,,,,,,,,,,,,,,,,,,,,,,,,,,,,,,,,,,,,,,,,,,,,,,,,,,,,,,,,,,,,,,,,,,,,,,,,,,,,,,,,,,,,,,,,,,,,,,,,,,,,,,,,,,,,,,,,,,,,,,,,,,,,,,,,,,,,,,,,,,,,,,,,,,,,,,,,,,,,,,,,,,,,,,,,,,,,,,,,,,,,,,,,,,,,,,,,,,,,,,,,,,,,,,,,,,,,,,,,,,,,,,,,,,,,,,,,,,,,,,,,,,,,,,,,,,,,,,,,,,,,,,,,,NationalReadingMonth,76,97,,,,,,,,,,,,,,,,,,,,,,thumb,150,150,crop,,,,,,,,,,,,,,,thumb,150,150,crop,,,,,,,,,,,,,,
,,,,,,,,,,,,,,,,,,,,,,,,,,,,,,,,,,,,,,,,,,,,,,,,,,,,,,,,,,,,,,,,,,,,,,,,,,,,,,,,,,,,,,,,,,,,,,,,,,,,,,,,,,,,,,,,,,,,,,,,,,,,,,,,,,,,,,,,,,,,,,,,,,,,,,,,,,,,,,,,,,,,,,,,,,,,,,,,,,,,,,,,,,,,,,,,,,,,,,,,,,,,,,,,,,,,,,,,,,,,,,,,,,,,,,,,,,,,,,,,,,,,,,,,,,,,,,,,,,,,,,,,,,,,,,,,,,,,,,,,,,,,,,,,,,,,,,,,,,,,,,,,,,,,,,,,,,,,,,,,,,,,small,340,170,fit,,,,,,,,,,,,,,,small,340,170,fit,,,,,,,,,,,,,,
,,,,,,,,,,,,,,,,,,,,,,,,,,,,,,,,,,,,,,,,,,,,,,,,,,,,,,,,,,,,,,,,,,,,,,,,,,,,,,,,,,,,,,,,,,,,,,,,,,,,,,,,,,,,,,,,,,,,,,,,,,,,,,,,,,,,,,,,,,,,,,,,,,,,,,,,,,,,,,,,,,,,,,,,,,,,,,,,,,,,,,,,,,,,,,,,,,,,,,,,,,,,,,,,,,,,,,,,,,,,,,,,,,,,,,,,,,,,,,,,,,,,,,,,,,,,,,,,,,,,,,,,,,,,,,,,,,,,,,,,,,,,,,,,,,,,,,,,,,,,,,,,,,,,,,,,,,,,,,,,,,,,large,624,312,fit,,,,,,,,,,,,,,,large,624,312,fit,,,,,,,,,,,,,,
Thu Mar 03 16:04:34 +0000 2016,7.05424E+17,7.05424E+17,RT @UMichResearch: 40 million Americans don't get enough #sleep. @UMich faculty study the science behind sleep. https://t.co/fEklH4LCPZ htt…,FALSE,"<a href=""http://twitter.com"" rel=""nofollow"">Twitter Web Client</a>",null,null,null,null,null,88836132,88836132,UniversityofMichigan,UMich,"Ann Arbor, MI","The world needs Victors. This is where they are made. Co??e to #Michigan. A world-renowned public institution, fostering excellence for all. #LeadersandBest",https://t.co/1E6wZT0bSU,https://t.co/1E6wZT0bSU,http://socialmedia.umich.edu,socialmedia.umich.edu,0,23,FALSE,143866,930,1320,Tue Nov 10 03:02:02 +0000 2009,5357,-18000,Eastern Time (US & Canada),TRUE,TRUE,14420,en,FALSE,FALSE,FALSE,84AFE1,http://pbs.twimg.com/profile_background_images/585445466034216960/ju_91JDS.jpg,https://pbs.twimg.com/profile_background_images/585445466034216960/ju_91JDS.jpg,FALSE,http://pbs.twimg.com/profile_images/672051381100908545/46bwdLFv_normal.png,https://pbs.twimg.com/profile_images/672051381100908545/46bwdLFv_normal.png,https://pbs.twimg.com/profile_banners/88836132/1453400249,2B70C4,FFFFFF,FEF3D3,333333,TRUE,FALSE,FALSE,FALSE,TRUE,FALSE,FALSE,null,null,null,null,Thu Mar 03 15:46:21 +0000 2016,7.05419E+17,7.05419E+17,40 million Americans don't get enough #sleep. @UMich faculty study the science behind sleep. https://t.co/fEklH4LCPZ https://t.co/RrT8osQ4Cp,FALSE,"<a href=""http://twitter.com"" rel=""nofollow"">Twitter Web Client</a>",null,null,null,null,null,932258994,932258994,UMich Research,UMichResearch,"Ann Arbor, MI","Research news from @umich, a global leader in research and scholarship.",http://t.co/EZWFBhlU5J,http://t.co/EZWFBhlU5J,http://research.umich.edu,research.umich.edu,0,22,FALSE,2141,333,93,Wed Nov 07 15:13:27 +0000 2012,51,-18000,Eastern Time (US & Canada),FALSE,FALSE,1181,en,FALSE,FALSE,FALSE,C0DEED,http://pbs.twimg.com/profile_background_images/705892842/cfb12ad133125dd6881ec539118efb56.jpeg,https://pbs.twimg.com/profile_background_images/705892842/cfb12ad133125dd6881ec539118efb56.jpeg,FALSE,http://pbs.twimg.com/profile_images/431851669974822913/Dq5DkkPG_normal.png,https://pbs.twimg.com/profile_images/431851669974822913/Dq5DkkPG_normal.png,https://pbs.twimg.com/profile_banners/932258994/1439843554,104680,FFFFFF,DDEEF6,333333,TRUE,FALSE,FALSE,FALSE,FALSE,FALSE,FALSE,null,null,,,,,,,,,,,null,null,,,,,,,,,,,,,,,,,,,,,,,,,,,,,,,,,,,,,,,,,,,,,,,,,,,,,,,,,,,,,,,,,,,,,,,,,,,,,,,,,,,,,,,,,,,,,,,,,,,,,,,,,,,,,,,,,FALSE,5,9,sleep,38,44,UMich,UniversityofMichigan,88836132,88836132,46,52,https://t.co/fEklH4LCPZ,http://myumi.ch/6evq5,myumi.ch/6evq5,93,116,7.05419E+17,7.05419E+17,117,140,http://pbs.twimg.com/media/Ccom4meWAAAKscW.jpg,https://pbs.twimg.com/media/Ccom4meWAAAKscW.jpg,https://t.co/RrT8osQ4Cp,pic.twitter.com/RrT8osQ4Cp,http://twitter.com/UMichResearch/status/705419047253516288/photo/1,photo,medium,600,430,fit,7.05419E+17,7.05419E+17,117,140,http://pbs.twimg.com/media/Ccom4meWAAAKscW.jpg,https://pbs.twimg.com/media/Ccom4meWAAAKscW.jpg,https://t.co/RrT8osQ4Cp,pic.twitter.com/RrT8osQ4Cp,http://twitter.com/UMichResearch/status/705419047253516288/photo/1,photo,medium,600,430,fit,,,,,,,FALSE,FALSE,FALSE,en,FALSE,5,0,sleep,57,63,UMichResearch,UMich Research,932258994,932258994,3,17,https://t.co/fEklH4LCPZ,http://myumi.ch/6evq5,myumi.ch/6evq5,112,135,7.05419E+17,7.05419E+17,139,140,http://pbs.twimg.com/media/Ccom4meWAAAKscW.jpg,https://pbs.twimg.com/media/Ccom4meWAAAKscW.jpg,https://t.co/RrT8osQ4Cp,pic.twitter.com/RrT8osQ4Cp,http://twitter.com/UMichResearch/status/705419047253516288/photo/1,photo,medium,600,430,fit,7.05419E+17,7.05419E+17,932258994,932258994,7.05419E+17,7.05419E+17,139,140,http://pbs.twimg.com/media/Ccom4meWAAAKscW.jpg,https://pbs.twimg.com/media/Ccom4meWAAAKscW.jpg,https://t.co/RrT8osQ4Cp,pic.twitter.com/RrT8osQ4Cp,http://twitter.com/UMichResearch/status/705419047253516288/photo/1,photo,medium,600,430,fit,,,,,,,7.05419E+17,7.05419E+17,932258994,932258994,FALSE,FALSE,FALSE,en
,,,,,,,,,,,,,,,,,,,,,,,,,,,,,,,,,,,,,,,,,,,,,,,,,,,,,,,,,,,,,,,,,,,,,,,,,,,,,,,,,,,,,,,,,,,,,,,,,,,,,,,,,,,,,,,,,,,,,,,,,,,,,,,,,,,,,,,,,,,,,,,,,,,,,,,,,,,,,,,,,,,,,,,,,,,,,,,,,,,,,,,,,,,,,,,,,,,,,,,,,,,,,,,,,,,,,,,,,,,,,,,,,,,,,,,,,,,,,,,,,,,,,,,,,,,,,,,,,,,,,,,,,,,,,thumb,150,150,crop,,,,,,,,,,,thumb,150,150,crop,,,,,,,,,,,,,,,,,UMich,UniversityofMichigan,88836132,88836132,65,71,,,,,,,,,,,,,,,,thumb,150,150,crop,,,,,,,,,,,,,,,thumb,150,150,crop,,,,,,,,,,,,,,
,,,,,,,,,,,,,,,,,,,,,,,,,,,,,,,,,,,,,,,,,,,,,,,,,,,,,,,,,,,,,,,,,,,,,,,,,,,,,,,,,,,,,,,,,,,,,,,,,,,,,,,,,,,,,,,,,,,,,,,,,,,,,,,,,,,,,,,,,,,,,,,,,,,,,,,,,,,,,,,,,,,,,,,,,,,,,,,,,,,,,,,,,,,,,,,,,,,,,,,,,,,,,,,,,,,,,,,,,,,,,,,,,,,,,,,,,,,,,,,,,,,,,,,,,,,,,,,,,,,,,,,,,,,,,small,340,243,fit,,,,,,,,,,,small,340,243,fit,,,,,,,,,,,,,,,,,,,,,,,,,,,,,,,,,,,,,,small,340,243,fit,,,,,,,,,,,,,,,small,340,243,fit,,,,,,,,,,,,,,
,,,,,,,,,,,,,,,,,,,,,,,,,,,,,,,,,,,,,,,,,,,,,,,,,,,,,,,,,,,,,,,,,,,,,,,,,,,,,,,,,,,,,,,,,,,,,,,,,,,,,,,,,,,,,,,,,,,,,,,,,,,,,,,,,,,,,,,,,,,,,,,,,,,,,,,,,,,,,,,,,,,,,,,,,,,,,,,,,,,,,,,,,,,,,,,,,,,,,,,,,,,,,,,,,,,,,,,,,,,,,,,,,,,,,,,,,,,,,,,,,,,,,,,,,,,,,,,,,,,,,,,,,,,,,large,1024,733,fit,,,,,,,,,,,large,1024,733,fit,,,,,,,,,,,,,,,,,,,,,,,,,,,,,,,,,,,,,,large,1024,733,fit,,,,,,,,,,,,,,,large,1024,733,fit,,,,,,,,,,,,,,
Thu Mar 03 15:00:43 +0000 2016,7.05408E+17,7.05408E+17,[EVENT] A Cloth of Earth and Sky: The Healing Power of Nature through the Eyes of African American Quilters. https://t.co/KVvAprCEBf,FALSE,"<a href=""https://ads.twitter.com"" rel=""nofollow"">Twitter Ads</a>",null,null,null,null,null,88836132,88836132,UniversityofMichigan,UMich,"Ann Arbor, MI","The world needs Victors. This is where they are made. Co??e to #Michigan. A world-renowned public institution, fostering excellence for all. #LeadersandBest",https://t.co/1E6wZT0bSU,https://t.co/1E6wZT0bSU,http://socialmedia.umich.edu,socialmedia.umich.edu,0,23,FALSE,143866,930,1320,Tue Nov 10 03:02:02 +0000 2009,5357,-18000,Eastern Time (US & Canada),TRUE,TRUE,14420,en,FALSE,FALSE,FALSE,84AFE1,http://pbs.twimg.com/profile_background_images/585445466034216960/ju_91JDS.jpg,https://pbs.twimg.com/profile_background_images/585445466034216960/ju_91JDS.jpg,FALSE,http://pbs.twimg.com/profile_images/672051381100908545/46bwdLFv_normal.png,https://pbs.twimg.com/profile_images/672051381100908545/46bwdLFv_normal.png,https://pbs.twimg.com/profile_banners/88836132/1453400249,2B70C4,FFFFFF,FEF3D3,333333,TRUE,FALSE,FALSE,FALSE,TRUE,FALSE,FALSE,null,null,null,null,,,,,,,,,,,,,,,,,,,,,,,,,,,,,,,,,,,,,,,,,,,,,,,,,,,,,,,,,,,,,,,,,,,,,,,,,,,,,,,,,,,,,,,,,,,,,,,,,,,,,,,,,,,,,,,,,,,,,,,,,,,,,,,,,,,,,,,,,,,,,,,,,,,,,,,,,,,,,,,,,,,,,,,,,,,,,,,,,,,,,,,,,,,,,,,,,,,,,,,,,,,,,,,,,,,,,,,,,,,,,,,,,,,,,,,,,,,,,,FALSE,0,5,,,,,,,,,,https://t.co/KVvAprCEBf,http://myumi.ch/L41E3,myumi.ch/L41E3,109,132,,,,,,,,,,,,,,,,,,,,,,,,,,,,,,,,,,,,,,,,,,,FALSE,FALSE,FALSE,en
Thu Mar 03 14:01:08 +0000 2016,7.05393E+17,7.05393E+17,RT @UMengineering: #TBT 1992: Early @Umich Engineering student experimentation with virtual reality. https://t.co/bjym0IpGwP,FALSE,"<a href=""http://www.handmark.com"" rel=""nofollow"">TweetCaster for iOS</a>",null,null,null,null,null,88836132,88836132,UniversityofMichigan,UMich,"Ann Arbor, MI","The world needs Victors. This is where they are made. Co??e to #Michigan. A world-renowned public institution, fostering excellence for all. #LeadersandBest",https://t.co/1E6wZT0bSU,https://t.co/1E6wZT0bSU,http://socialmedia.umich.edu,socialmedia.umich.edu,0,23,FALSE,143866,930,1320,Tue Nov 10 03:02:02 +0000 2009,5357,-18000,Eastern Time (US & Canada),TRUE,TRUE,14420,en,FALSE,FALSE,FALSE,84AFE1,http://pbs.twimg.com/profile_background_images/585445466034216960/ju_91JDS.jpg,https://pbs.twimg.com/profile_background_images/585445466034216960/ju_91JDS.jpg,FALSE,http://pbs.twimg.com/profile_images/672051381100908545/46bwdLFv_normal.png,https://pbs.twimg.com/profile_images/672051381100908545/46bwdLFv_normal.png,https://pbs.twimg.com/profile_banners/88836132/1453400249,2B70C4,FFFFFF,FEF3D3,333333,TRUE,FALSE,FALSE,FALSE,TRUE,FALSE,FALSE,null,null,null,null,Thu Mar 03 13:33:14 +0000 2016,7.05386E+17,7.05386E+17,#TBT 1992: Early @Umich Engineering student experimentation with virtual reality. https://t.co/bjym0IpGwP,FALSE,"<a href=""http://twitter.com"" rel=""nofollow"">Twitter Web Client</a>",null,null,null,null,null,25111672,25111672,Michigan Engineering,UMengineering,"Ann Arbor, MI","Whether you are a student, faculty member or alum from Michigan Engineering, you can leverage an amazing global community and make an impact on the world.",http://t.co/MZ1in4gsPg,http://t.co/MZ1in4gsPg,http://www.engin.umich.edu,engin.umich.edu,0,22,FALSE,16304,804,434,Wed Mar 18 17:26:36 +0000 2009,6448,-18000,Eastern Time (US & Canada),TRUE,FALSE,10977,en,FALSE,FALSE,FALSE,00274C,http://pbs.twimg.com/profile_background_images/378800000078611961/f0d79ecf975220fdbe756d71f627ef6b.png,https://pbs.twimg.com/profile_background_images/378800000078611961/f0d79ecf975220fdbe756d71f627ef6b.png,FALSE,http://pbs.twimg.com/profile_images/644131280163090432/q5RIw3rF_normal.jpg,https://pbs.twimg.com/profile_images/644131280163090432/q5RIw3rF_normal.jpg,https://pbs.twimg.com/profile_banners/25111672/1398349300,66,FFFFFF,FFCC33,333333,TRUE,FALSE,FALSE,FALSE,FALSE,FALSE,FALSE,null,null,92b2158a6d509767,https://api.twitter.com/1.1/geo/id/92b2158a6d509767.json,city,Ann Arbor,"Ann Arbor, MI",US,United States,Polygon,-83.800262,42.215087,,null,,,,,,,,,,,,,,,,,,,,,,,,,,,,,,,,,,,,,,,,,,,,,,,,,,,,,,,,,,,,,,,,,,,,,,,,,,,,,,,,,,,,,,,,,,,,,,,,,,,,,,,,,,,,,,,,,FALSE,5,16,TBT,0,4,UMich,UniversityofMichigan,88836132,88836132,17,23,,,,,,7.05386E+17,7.05386E+17,82,105,http://pbs.twimg.com/media/CcoIaquW0AEhGx6.jpg,https://pbs.twimg.com/media/CcoIaquW0AEhGx6.jpg,https://t.co/bjym0IpGwP,pic.twitter.com/bjym0IpGwP,http://twitter.com/UMengineering/status/705385546667974656/photo/1,photo,medium,600,392,fit,7.05386E+17,7.05386E+17,82,105,http://pbs.twimg.com/media/CcoIaquW0AEhGx6.jpg,https://pbs.twimg.com/media/CcoIaquW0AEhGx6.jpg,https://t.co/bjym0IpGwP,pic.twitter.com/bjym0IpGwP,http://twitter.com/UMengineering/status/705385546667974656/photo/1,photo,medium,600,392,fit,,,,,,,FALSE,FALSE,FALSE,en,FALSE,5,0,TBT,19,23,UMengineering,Michigan Engineering,25111672,25111672,3,17,,,,,,7.05386E+17,7.05386E+17,101,124,http://pbs.twimg.com/media/CcoIaquW0AEhGx6.jpg,https://pbs.twimg.com/media/CcoIaquW0AEhGx6.jpg,https://t.co/bjym0IpGwP,pic.twitter.com/bjym0IpGwP,http://twitter.com/UMengineering/status/705385546667974656/photo/1,photo,medium,600,392,fit,7.05386E+17,7.05386E+17,25111672,25111672,7.05386E+17,7.05386E+17,101,124,http://pbs.twimg.com/media/CcoIaquW0AEhGx6.jpg,https://pbs.twimg.com/media/CcoIaquW0AEhGx6.jpg,https://t.co/bjym0IpGwP,pic.twitter.com/bjym0IpGwP,http://twitter.com/UMengineering/status/705385546667974656/photo/1,photo,medium,600,392,fit,,,,,,,7.05386E+17,7.05386E+17,25111672,25111672,FALSE,FALSE,FALSE,en
,,,,,,,,,,,,,,,,,,,,,,,,,,,,,,,,,,,,,,,,,,,,,,,,,,,,,,,,,,,,,,,,,,,,,,,,,,,,,,,,,,,,,,,,,,,,,,,,,,,,,,,,,,,,,,,,,,,,,,,,,,,,,,-83.659681,42.215087,,,,,,,,,,,,,,,,,,,,,,,,,,,,,,,,,,,,,,,,,,,,,,,,,,,,,,,,,,,,,,,,,,,,,,,,,,,,,,,,,,,,,,,,,,,,,,,,,,,,,,,,,,,,,,,,,,,,,,,,,,,,,,,,,,,,,,,,,,,,,,large,1024,669,fit,,,,,,,,,,,large,1024,669,fit,,,,,,,,,,,,,,,,,UMich,UniversityofMichigan,88836132,88836132,36,42,,,,,,,,,,,,,,,,large,1024,669,fit,,,,,,,,,,,,,,,large,1024,669,fit,,,,,,,,,,,,,,
,,,,,,,,,,,,,,,,,,,,,,,,,,,,,,,,,,,,,,,,,,,,,,,,,,,,,,,,,,,,,,,,,,,,,,,,,,,,,,,,,,,,,,,,,,,,,,,,,,,,,,,,,,,,,,,,,,,,,,,,,,,,,,-83.659681,42.326592,,,,,,,,,,,,,,,,,,,,,,,,,,,,,,,,,,,,,,,,,,,,,,,,,,,,,,,,,,,,,,,,,,,,,,,,,,,,,,,,,,,,,,,,,,,,,,,,,,,,,,,,,,,,,,,,,,,,,,,,,,,,,,,,,,,,,,,,,,,,,,small,340,222,fit,,,,,,,,,,,small,340,222,fit,,,,,,,,,,,,,,,,,,,,,,,,,,,,,,,,,,,,,,small,340,222,fit,,,,,,,,,,,,,,,small,340,222,fit,,,,,,,,,,,,,,
,,,,,,,,,,,,,,,,,,,,,,,,,,,,,,,,,,,,,,,,,,,,,,,,,,,,,,,,,,,,,,,,,,,,,,,,,,,,,,,,,,,,,,,,,,,,,,,,,,,,,,,,,,,,,,,,,,,,,,,,,,,,,,-83.800262,42.326592,,,,,,,,,,,,,,,,,,,,,,,,,,,,,,,,,,,,,,,,,,,,,,,,,,,,,,,,,,,,,,,,,,,,,,,,,,,,,,,,,,,,,,,,,,,,,,,,,,,,,,,,,,,,,,,,,,,,,,,,,,,,,,,,,,,,,,,,,,,,,,thumb,150,150,crop,,,,,,,,,,,thumb,150,150,crop,,,,,,,,,,,,,,,,,,,,,,,,,,,,,,,,,,,,,,thumb,150,150,crop,,,,,,,,,,,,,,,thumb,150,150,crop,,,,,,,,,,,,,,
Wed Mar 02 21:59:48 +0000 2016,7.05151E+17,7.05151E+17,RT @UMichResearch: .@UMich scientists developed a new weapon in the fight against children's #brain #tumors. https://t.co/djDZrHtZi1,FALSE,"<a href=""http://www.handmark.com"" rel=""nofollow"">TweetCaster for iOS</a>",null,null,null,null,null,88836132,88836132,UniversityofMichigan,UMich,"Ann Arbor, MI","The world needs Victors. This is where they are made. Co??e to #Michigan. A world-renowned public institution, fostering excellence for all. #LeadersandBest",https://t.co/1E6wZT0bSU,https://t.co/1E6wZT0bSU,http://socialmedia.umich.edu,socialmedia.umich.edu,0,23,FALSE,143866,930,1320,Tue Nov 10 03:02:02 +0000 2009,5357,-18000,Eastern Time (US & Canada),TRUE,TRUE,14420,en,FALSE,FALSE,FALSE,84AFE1,http://pbs.twimg.com/profile_background_images/585445466034216960/ju_91JDS.jpg,https://pbs.twimg.com/profile_background_images/585445466034216960/ju_91JDS.jpg,FALSE,http://pbs.twimg.com/profile_images/672051381100908545/46bwdLFv_normal.png,https://pbs.twimg.com/profile_images/672051381100908545/46bwdLFv_normal.png,https://pbs.twimg.com/profile_banners/88836132/1453400249,2B70C4,FFFFFF,FEF3D3,333333,TRUE,FALSE,FALSE,FALSE,TRUE,FALSE,FALSE,null,null,null,null,Wed Mar 02 20:56:26 +0000 2016,7.05135E+17,7.05135E+17,.@UMich scientists developed a new weapon in the fight against children's #brain #tumors. https://t.co/djDZrHtZi1,FALSE,"<a href=""http://twitter.com"" rel=""nofollow"">Twitter Web Client</a>",null,null,null,null,null,932258994,932258994,UMich Research,UMichResearch,"Ann Arbor, MI","Research news from @umich, a global leader in research and scholarship.",http://t.co/EZWFBhlU5J,http://t.co/EZWFBhlU5J,http://research.umich.edu,research.umich.edu,0,22,FALSE,2141,333,93,Wed Nov 07 15:13:27 +0000 2012,51,-18000,Eastern Time (US & Canada),FALSE,FALSE,1181,en,FALSE,FALSE,FALSE,C0DEED,http://pbs.twimg.com/profile_background_images/705892842/cfb12ad133125dd6881ec539118efb56.jpeg,https://pbs.twimg.com/profile_background_images/705892842/cfb12ad133125dd6881ec539118efb56.jpeg,FALSE,http://pbs.twimg.com/profile_images/431851669974822913/Dq5DkkPG_normal.png,https://pbs.twimg.com/profile_images/431851669974822913/Dq5DkkPG_normal.png,https://pbs.twimg.com/profile_banners/932258994/1439843554,104680,FFFFFF,DDEEF6,333333,TRUE,FALSE,FALSE,FALSE,FALSE,FALSE,FALSE,null,null,,,,,,,,,,,null,null,,,,,,,,,,,,,,,,,,,,,,,,,,,,,,,,,,,,,,,,,,,,,,,,,,,,,,,,,,,,,,,,,,,,,,,,,,,,,,,,,,,,,,,,,,,,,,,,,,,,,,,,,,,,,,,,,FALSE,11,28,brain,74,80,UMich,UniversityofMichigan,88836132,88836132,1,7,https://t.co/djDZrHtZi1,http://umhealth.me/PedsATRX,umhealth.me/PedsATRX,90,113,,,,,,,,,,,,,,,,,,,,,,,,,,,,,,,,,,,FALSE,FALSE,FALSE,en,FALSE,11,0,brain,93,99,UMichResearch,UMich Research,932258994,932258994,3,17,https://t.co/djDZrHtZi1,http://umhealth.me/PedsATRX,umhealth.me/PedsATRX,109,132,,,,,,,,,,,,,,,,,,,,,,,,,,,,,,,,,,,,,,,,,,,FALSE,FALSE,FALSE,en
,,,,,,,,,,,,,,,,,,,,,,,,,,,,,,,,,,,,,,,,,,,,,,,,,,,,,,,,,,,,,,,,,,,,,,,,,,,,,,,,,,,,,,,,,,,,,,,,,,,,,,,,,,,,,,,,,,,,,,,,,,,,,,,,,,,,,,,,,,,,,,,,,,,,,,,,,,,,,,,,,,,,,,,,,,,,,,,,,,,,,,,,,,,,,,,,,,,,,,,,,,,,,,,,,,,,,,,,,,,,,,,,,,,,,,,,,,,,,,,,,,,,,tumors,81,88,,,,,,,,,,,,,,,,,,,,,,,,,,,,,,,,,,,,,,,,,,,,,,,,,,,,,tumors,100,107,UMich,UniversityofMichigan,88836132,88836132,20,26,,,,,,,,,,,,,,,,,,,,,,,,,,,,,,,,,,,,,,,,,,,,,,,,,,,
Wed Mar 02 21:00:33 +0000 2016,7.05136E+17,7.05136E+17,Words matter. What will you do with yours? #NationalReadingMonth https://t.co/9C3xhkyfOL,FALSE,"<a href=""https://ads.twitter.com"" rel=""nofollow"">Twitter Ads</a>",null,null,null,null,null,88836132,88836132,UniversityofMichigan,UMich,"Ann Arbor, MI","The world needs Victors. This is where they are made. Co??e to #Michigan. A world-renowned public institution, fostering excellence for all. #LeadersandBest",https://t.co/1E6wZT0bSU,https://t.co/1E6wZT0bSU,http://socialmedia.umich.edu,socialmedia.umich.edu,0,23,FALSE,143866,930,1320,Tue Nov 10 03:02:02 +0000 2009,5357,-18000,Eastern Time (US & Canada),TRUE,TRUE,14420,en,FALSE,FALSE,FALSE,84AFE1,http://pbs.twimg.com/profile_background_images/585445466034216960/ju_91JDS.jpg,https://pbs.twimg.com/profile_background_images/585445466034216960/ju_91JDS.jpg,FALSE,http://pbs.twimg.com/profile_images/672051381100908545/46bwdLFv_normal.png,https://pbs.twimg.com/profile_images/672051381100908545/46bwdLFv_normal.png,https://pbs.twimg.com/profile_banners/88836132/1453400249,2B70C4,FFFFFF,FEF3D3,333333,TRUE,FALSE,FALSE,FALSE,TRUE,FALSE,FALSE,null,null,null,null,,,,,,,,,,,,,,,,,,,,,,,,,,,,,,,,,,,,,,,,,,,,,,,,,,,,,,,,,,,,,,,,,,,,,,,,,,,,,,,,,,,,,,,,,,,,,,,,,,,,,,,,,,,,,,,,,,,,,,,,,,,,,,,,,,,,,,,,,,,,,,,,,,,,,,,,,,,,,,,,,,,,,,,,,,,,,,,,,,,,,,,,,,,,,,,,,,,,,,,,,,,,,,,,,,,,,,,,,,,,,,,,,,,,,,,,,,,,,,FALSE,27,34,NationalReadingMonth,43,64,,,,,,,,,,,,7.05128E+17,7.05128E+17,65,88,http://pbs.twimg.com/media/Cckd7ABUEAAiiEl.jpg,https://pbs.twimg.com/media/Cckd7ABUEAAiiEl.jpg,https://t.co/9C3xhkyfOL,pic.twitter.com/9C3xhkyfOL,http://twitter.com/UMich/status/705135728804560896/photo/1,photo,small,340,170,fit,,,,,7.05128E+17,7.05128E+17,65,88,http://pbs.twimg.com/media/Cckd7ABUEAAiiEl.jpg,https://pbs.twimg.com/media/Cckd7ABUEAAiiEl.jpg,https://t.co/9C3xhkyfOL,pic.twitter.com/9C3xhkyfOL,http://twitter.com/UMich/status/705135728804560896/photo/1,photo,small,340,170,fit,,,,,,,,,,,FALSE,FALSE,FALSE,en
,,,,,,,,,,,,,,,,,,,,,,,,,,,,,,,,,,,,,,,,,,,,,,,,,,,,,,,,,,,,,,,,,,,,,,,,,,,,,,,,,,,,,,,,,,,,,,,,,,,,,,,,,,,,,,,,,,,,,,,,,,,,,,,,,,,,,,,,,,,,,,,,,,,,,,,,,,,,,,,,,,,,,,,,,,,,,,,,,,,,,,,,,,,,,,,,,,,,,,,,,,,,,,,,,,,,,,,,,,,,,,,,,,,,,,,,,,,,,,,,,,,,,,,,,,,,,,,,,,,,,,,,,,,,,,,,,,,,,,,,,,,,,,,,,,,,,,,,,,,,,,,,,,,,,,,,,,,,,,,,,,,,large,624,312,fit,,,,,,,,,,,,,,,large,624,312,fit,,,,,,,,,,,,,,
,,,,,,,,,,,,,,,,,,,,,,,,,,,,,,,,,,,,,,,,,,,,,,,,,,,,,,,,,,,,,,,,,,,,,,,,,,,,,,,,,,,,,,,,,,,,,,,,,,,,,,,,,,,,,,,,,,,,,,,,,,,,,,,,,,,,,,,,,,,,,,,,,,,,,,,,,,,,,,,,,,,,,,,,,,,,,,,,,,,,,,,,,,,,,,,,,,,,,,,,,,,,,,,,,,,,,,,,,,,,,,,,,,,,,,,,,,,,,,,,,,,,,,,,,,,,,,,,,,,,,,,,,,,,,,,,,,,,,,,,,,,,,,,,,,,,,,,,,,,,,,,,,,,,,,,,,,,,,,,,,,,,thumb,150,150,crop,,,,,,,,,,,,,,,thumb,150,150,crop,,,,,,,,,,,,,,
,,,,,,,,,,,,,,,,,,,,,,,,,,,,,,,,,,,,,,,,,,,,,,,,,,,,,,,,,,,,,,,,,,,,,,,,,,,,,,,,,,,,,,,,,,,,,,,,,,,,,,,,,,,,,,,,,,,,,,,,,,,,,,,,,,,,,,,,,,,,,,,,,,,,,,,,,,,,,,,,,,,,,,,,,,,,,,,,,,,,,,,,,,,,,,,,,,,,,,,,,,,,,,,,,,,,,,,,,,,,,,,,,,,,,,,,,,,,,,,,,,,,,,,,,,,,,,,,,,,,,,,,,,,,,,,,,,,,,,,,,,,,,,,,,,,,,,,,,,,,,,,,,,,,,,,,,,,,,,,,,,,,medium,600,300,fit,,,,,,,,,,,,,,,medium,600,300,fit,,,,,,,,,,,,,,
Wed Mar 02 20:02:35 +0000 2016,7.05121E+17,7.05121E+17,RT @umichfootball: Off and running! Four runs in the first for the @tigers. All from great first base coaching of course! https://t.co/vA2a…,FALSE,"<a href=""http://twitter.com"" rel=""nofollow"">Twitter Web Client</a>",null,null,null,null,null,88836132,88836132,UniversityofMichigan,UMich,"Ann Arbor, MI","The world needs Victors. This is where they are made. Co??e to #Michigan. A world-renowned public institution, fostering excellence for all. #LeadersandBest",https://t.co/1E6wZT0bSU,https://t.co/1E6wZT0bSU,http://socialmedia.umich.edu,socialmedia.umich.edu,0,23,FALSE,143866,930,1320,Tue Nov 10 03:02:02 +0000 2009,5357,-18000,Eastern Time (US & Canada),TRUE,TRUE,14420,en,FALSE,FALSE,FALSE,84AFE1,http://pbs.twimg.com/profile_background_images/585445466034216960/ju_91JDS.jpg,https://pbs.twimg.com/profile_background_images/585445466034216960/ju_91JDS.jpg,FALSE,http://pbs.twimg.com/profile_images/672051381100908545/46bwdLFv_normal.png,https://pbs.twimg.com/profile_images/672051381100908545/46bwdLFv_normal.png,https://pbs.twimg.com/profile_banners/88836132/1453400249,2B70C4,FFFFFF,FEF3D3,333333,TRUE,FALSE,FALSE,FALSE,TRUE,FALSE,FALSE,null,null,null,null,Wed Mar 02 18:26:38 +0000 2016,7.05097E+17,7.05097E+17,Off and running! Four runs in the first for the @tigers. All from great first base coaching of course! https://t.co/vA2atBfZlN,FALSE,"<a href=""http://twitter.com/download/iphone"" rel=""nofollow"">Twitter for iPhone</a>",null,null,null,null,null,27902825,27902825,Michigan Football,umichfootball,"Ann Arbor, Michigan",Official Twitter account of University of Michigan Football. Tweeting scores & news from the field. #GoBlue,http://t.co/zGQgWjW6q8,http://t.co/zGQgWjW6q8,http://MGoBlue.com,MGoBlue.com,0,22,FALSE,387421,373,2883,Tue Mar 31 16:18:57 +0000 2009,963,-18000,Eastern Time (US & Canada),TRUE,TRUE,15554,en,FALSE,FALSE,FALSE,4.00E+43,http://pbs.twimg.com/profile_background_images/378800000063171941/204cd17d9fcd051349ca09029218f2ce.jpeg,https://pbs.twimg.com/profile_background_images/378800000063171941/204cd17d9fcd051349ca09029218f2ce.jpeg,FALSE,http://pbs.twimg.com/profile_images/479660271942656000/k8p1Z5Ez_normal.jpeg,https://pbs.twimg.com/profile_images/479660271942656000/k8p1Z5Ez_normal.jpeg,https://pbs.twimg.com/profile_banners/27902825/1456512585,0084B4,FFFFFF,DDFFCC,333333,TRUE,FALSE,FALSE,FALSE,FALSE,FALSE,FALSE,null,null,,,,,,,,,,,null,null,,,,,,,,,,,,,,,,,,,,,,,,,,,,,,,,,,,,,,,,,,,,,,,,,,,,,,,,,,,,,,,,,,,,,,,,,,,,,,,,,,,,,,,,,,,,,,,,,,,,,,,,,,,,,,,,,FALSE,121,338,,,,tigers,Detroit Tigers,30008146,30008146,48,55,,,,,,7.05096E+17,7.05096E+17,103,126,http://pbs.twimg.com/ext_tw_video_thumb/705096437059735557/pu/img/WOoJIarTcF3NCcSZ.jpg,https://pbs.twimg.com/ext_tw_video_thumb/705096437059735557/pu/img/WOoJIarTcF3NCcSZ.jpg,https://t.co/vA2atBfZlN,pic.twitter.com/vA2atBfZlN,http://twitter.com/umichfootball/status/705096994608553989/video/1,photo,thumb,150,150,crop,7.05096E+17,7.05096E+17,103,126,http://pbs.twimg.com/ext_tw_video_thumb/705096437059735557/pu/img/WOoJIarTcF3NCcSZ.jpg,https://pbs.twimg.com/ext_tw_video_thumb/705096437059735557/pu/img/WOoJIarTcF3NCcSZ.jpg,https://t.co/vA2atBfZlN,pic.twitter.com/vA2atBfZlN,http://twitter.com/umichfootball/status/705096994608553989/video/1,video,thumb,150,150,crop,,16,9,10537,application/x-mpegURL,https://video.twimg.com/ext_tw_video/705096437059735557/pu/pl/zAm4WcSXbDDCAdPl.m3u8,FALSE,FALSE,FALSE,en,FALSE,121,0,,,,umichfootball,Michigan Football,27902825,27902825,3,17,,,,,,7.05096E+17,7.05096E+17,122,140,http://pbs.twimg.com/ext_tw_video_thumb/705096437059735557/pu/img/WOoJIarTcF3NCcSZ.jpg,https://pbs.twimg.com/ext_tw_video_thumb/705096437059735557/pu/img/WOoJIarTcF3NCcSZ.jpg,https://t.co/vA2atBfZlN,pic.twitter.com/vA2atBfZlN,http://twitter.com/umichfootball/status/705096994608553989/video/1,photo,thumb,150,150,crop,7.05097E+17,7.05097E+17,27902825,27902825,7.05096E+17,7.05096E+17,122,140,http://pbs.twimg.com/ext_tw_video_thumb/705096437059735557/pu/img/WOoJIarTcF3NCcSZ.jpg,https://pbs.twimg.com/ext_tw_video_thumb/705096437059735557/pu/img/WOoJIarTcF3NCcSZ.jpg,https://t.co/vA2atBfZlN,pic.twitter.com/vA2atBfZlN,http://twitter.com/umichfootball/status/705096994608553989/video/1,video,thumb,150,150,crop,16,9,10537,,application/x-mpegURL,https://video.twimg.com/ext_tw_video/705096437059735557/pu/pl/zAm4WcSXbDDCAdPl.m3u8,7.05097E+17,7.05097E+17,27902825,27902825,FALSE,FALSE,FALSE,en
,,,,,,,,,,,,,,,,,,,,,,,,,,,,,,,,,,,,,,,,,,,,,,,,,,,,,,,,,,,,,,,,,,,,,,,,,,,,,,,,,,,,,,,,,,,,,,,,,,,,,,,,,,,,,,,,,,,,,,,,,,,,,,,,,,,,,,,,,,,,,,,,,,,,,,,,,,,,,,,,,,,,,,,,,,,,,,,,,,,,,,,,,,,,,,,,,,,,,,,,,,,,,,,,,,,,,,,,,,,,,,,,,,,,,,,,,,,,,,,,,,,,,,,,,,,,,,,,,,,,,,,,,,,,,medium,600,338,fit,,,,,,,,,,,medium,600,338,fit,320000,,,,video/mp4,https://video.twimg.com/ext_tw_video/705096437059735557/pu/vid/320x180/6SNORPIlOu7rlt9a.mp4,,,,,,,,,,,tigers,Detroit Tigers,30008146,30008146,67,74,,,,,,,,,,,,,,,,medium,600,338,fit,,,,,,,,,,,,,,,medium,600,338,fit,,,,320000,video/mp4,https://video.twimg.com/ext_tw_video/705096437059735557/pu/vid/320x180/6SNORPIlOu7rlt9a.mp4,,,,,,,,
,,,,,,,,,,,,,,,,,,,,,,,,,,,,,,,,,,,,,,,,,,,,,,,,,,,,,,,,,,,,,,,,,,,,,,,,,,,,,,,,,,,,,,,,,,,,,,,,,,,,,,,,,,,,,,,,,,,,,,,,,,,,,,,,,,,,,,,,,,,,,,,,,,,,,,,,,,,,,,,,,,,,,,,,,,,,,,,,,,,,,,,,,,,,,,,,,,,,,,,,,,,,,,,,,,,,,,,,,,,,,,,,,,,,,,,,,,,,,,,,,,,,,,,,,,,,,,,,,,,,,,,,,,,,,small,340,191,fit,,,,,,,,,,,small,340,191,fit,2176000,,,,video/mp4,https://video.twimg.com/ext_tw_video/705096437059735557/pu/vid/1280x720/aG01rgZum5ZicUq-.mp4,,,,,,,,,,,,,,,,,,,,,,,,,,,,,,,,small,340,191,fit,,,,,,,,,,,,,,,small,340,191,fit,,,,2176000,video/mp4,https://video.twimg.com/ext_tw_video/705096437059735557/pu/vid/1280x720/aG01rgZum5ZicUq-.mp4,,,,,,,,
,,,,,,,,,,,,,,,,,,,,,,,,,,,,,,,,,,,,,,,,,,,,,,,,,,,,,,,,,,,,,,,,,,,,,,,,,,,,,,,,,,,,,,,,,,,,,,,,,,,,,,,,,,,,,,,,,,,,,,,,,,,,,,,,,,,,,,,,,,,,,,,,,,,,,,,,,,,,,,,,,,,,,,,,,,,,,,,,,,,,,,,,,,,,,,,,,,,,,,,,,,,,,,,,,,,,,,,,,,,,,,,,,,,,,,,,,,,,,,,,,,,,,,,,,,,,,,,,,,,,,,,,,,,,,large,1024,576,fit,,,,,,,,,,,large,1024,576,fit,,,,,application/dash+xml,https://video.twimg.com/ext_tw_video/705096437059735557/pu/pl/zAm4WcSXbDDCAdPl.mpd,,,,,,,,,,,,,,,,,,,,,,,,,,,,,,,,large,1024,576,fit,,,,,,,,,,,,,,,large,1024,576,fit,,,,,application/dash+xml,https://video.twimg.com/ext_tw_video/705096437059735557/pu/pl/zAm4WcSXbDDCAdPl.mpd,,,,,,,,
,,,,,,,,,,,,,,,,,,,,,,,,,,,,,,,,,,,,,,,,,,,,,,,,,,,,,,,,,,,,,,,,,,,,,,,,,,,,,,,,,,,,,,,,,,,,,,,,,,,,,,,,,,,,,,,,,,,,,,,,,,,,,,,,,,,,,,,,,,,,,,,,,,,,,,,,,,,,,,,,,,,,,,,,,,,,,,,,,,,,,,,,,,,,,,,,,,,,,,,,,,,,,,,,,,,,,,,,,,,,,,,,,,,,,,,,,,,,,,,,,,,,,,,,,,,,,,,,,,,,,,,,,,,,,,,,,,,,,,,,,,,,,,,832000,,,,video/mp4,https://video.twimg.com/ext_tw_video/705096437059735557/pu/vid/640x360/wsSsShoS-ZQjFeuN.mp4,,,,,,,,,,,,,,,,,,,,,,,,,,,,,,,,,,,,,,,,,,,,,,,,,,,,,,,,,832000,video/mp4,https://video.twimg.com/ext_tw_video/705096437059735557/pu/vid/640x360/wsSsShoS-ZQjFeuN.mp4,,,,,,,,
,,,,,,,,,,,,,,,,,,,,,,,,,,,,,,,,,,,,,,,,,,,,,,,,,,,,,,,,,,,,,,,,,,,,,,,,,,,,,,,,,,,,,,,,,,,,,,,,,,,,,,,,,,,,,,,,,,,,,,,,,,,,,,,,,,,,,,,,,,,,,,,,,,,,,,,,,,,,,,,,,,,,,,,,,,,,,,,,,,,,,,,,,,,,,,,,,,,,,,,,,,,,,,,,,,,,,,,,,,,,,,,,,,,,,,,,,,,,,,,,,,,,,,,,,,,,,,,,,,,,,,,,,,,,,,,,,,,,,,,,,,,,,,,832000,,,,video/webm,https://video.twimg.com/ext_tw_video/705096437059735557/pu/vid/640x360/wsSsShoS-ZQjFeuN.webm,,,,,,,,,,,,,,,,,,,,,,,,,,,,,,,,,,,,,,,,,,,,,,,,,,,,,,,,,832000,video/webm,https://video.twimg.com/ext_tw_video/705096437059735557/pu/vid/640x360/wsSsShoS-ZQjFeuN.webm,,,,,,,,
Wed Mar 02 19:08:55 +0000 2016,7.05108E+17,7.05108E+17,"Brandon Stanton, creator of @HumansOfNY is coming to A2! Get your tickets & join the conversation #HONYatUMich https://t.co/gEIDRRcH0c",FALSE,"<a href=""http://twitter.com"" rel=""nofollow"">Twitter Web Client</a>",null,null,null,null,null,88836132,88836132,UniversityofMichigan,UMich,"Ann Arbor, MI","The world needs Victors. This is where they are made. Co??e to #Michigan. A world-renowned public institution, fostering excellence for all. #LeadersandBest",https://t.co/1E6wZT0bSU,https://t.co/1E6wZT0bSU,http://socialmedia.umich.edu,socialmedia.umich.edu,0,23,FALSE,143866,930,1320,Tue Nov 10 03:02:02 +0000 2009,5357,-18000,Eastern Time (US & Canada),TRUE,TRUE,14420,en,FALSE,FALSE,FALSE,84AFE1,http://pbs.twimg.com/profile_background_images/585445466034216960/ju_91JDS.jpg,https://pbs.twimg.com/profile_background_images/585445466034216960/ju_91JDS.jpg,FALSE,http://pbs.twimg.com/profile_images/672051381100908545/46bwdLFv_normal.png,https://pbs.twimg.com/profile_images/672051381100908545/46bwdLFv_normal.png,https://pbs.twimg.com/profile_banners/88836132/1453400249,2B70C4,FFFFFF,FEF3D3,333333,TRUE,FALSE,FALSE,FALSE,TRUE,FALSE,FALSE,null,null,null,null,,,,,,,,,,,,,,,,,,,,,,,,,,,,,,,,,,,,,,,,,,,,,,,,,,,,,,,,,,,,,,,,,,,,,,,,,,,,,,,,,,,,,,,,,,,,,,,,,,,,,,,,,,,,,,,,,,,,,,,,,,,,,,,,,,,,,,,,,,,,,,,,,,,,,,,,,,,,,,,,,,,,,,,,,,,,,,,,,,,,,,,,,,,,,,,,,,,,,,,,,,,,,,,,,,,,,,,,,,,,,,,,,,,,,,,,,,,,,,FALSE,13,47,HONYatUMich,102,114,humansofny,Brandon Stanton,237548529,237548529,28,39,,,,,,7.05108E+17,7.05108E+17,115,138,http://pbs.twimg.com/media/CckLqOOW4AADIMp.jpg,https://pbs.twimg.com/media/CckLqOOW4AADIMp.jpg,https://t.co/gEIDRRcH0c,pic.twitter.com/gEIDRRcH0c,http://twitter.com/UMich/status/705107637361385476/photo/1,photo,medium,600,494,fit,,,,,7.05108E+17,7.05108E+17,115,138,http://pbs.twimg.com/media/CckLqOOW4AADIMp.jpg,https://pbs.twimg.com/media/CckLqOOW4AADIMp.jpg,https://t.co/gEIDRRcH0c,pic.twitter.com/gEIDRRcH0c,http://twitter.com/UMich/status/705107637361385476/photo/1,photo,medium,600,494,fit,,,,,,,,,,,FALSE,FALSE,FALSE,en
,,,,,,,,,,,,,,,,,,,,,,,,,,,,,,,,,,,,,,,,,,,,,,,,,,,,,,,,,,,,,,,,,,,,,,,,,,,,,,,,,,,,,,,,,,,,,,,,,,,,,,,,,,,,,,,,,,,,,,,,,,,,,,,,,,,,,,,,,,,,,,,,,,,,,,,,,,,,,,,,,,,,,,,,,,,,,,,,,,,,,,,,,,,,,,,,,,,,,,,,,,,,,,,,,,,,,,,,,,,,,,,,,,,,,,,,,,,,,,,,,,,,,,,,,,,,,,,,,,,,,,,,,,,,,,,,,,,,,,,,,,,,,,,,,,,,,,,,,,,,,,,,,,,,,,,,,,,,,,,,,,,,thumb,150,150,crop,,,,,,,,,,,,,,,thumb,150,150,crop,,,,,,,,,,,,,,
,,,,,,,,,,,,,,,,,,,,,,,,,,,,,,,,,,,,,,,,,,,,,,,,,,,,,,,,,,,,,,,,,,,,,,,,,,,,,,,,,,,,,,,,,,,,,,,,,,,,,,,,,,,,,,,,,,,,,,,,,,,,,,,,,,,,,,,,,,,,,,,,,,,,,,,,,,,,,,,,,,,,,,,,,,,,,,,,,,,,,,,,,,,,,,,,,,,,,,,,,,,,,,,,,,,,,,,,,,,,,,,,,,,,,,,,,,,,,,,,,,,,,,,,,,,,,,,,,,,,,,,,,,,,,,,,,,,,,,,,,,,,,,,,,,,,,,,,,,,,,,,,,,,,,,,,,,,,,,,,,,,,small,340,280,fit,,,,,,,,,,,,,,,small,340,280,fit,,,,,,,,,,,,,,
,,,,,,,,,,,,,,,,,,,,,,,,,,,,,,,,,,,,,,,,,,,,,,,,,,,,,,,,,,,,,,,,,,,,,,,,,,,,,,,,,,,,,,,,,,,,,,,,,,,,,,,,,,,,,,,,,,,,,,,,,,,,,,,,,,,,,,,,,,,,,,,,,,,,,,,,,,,,,,,,,,,,,,,,,,,,,,,,,,,,,,,,,,,,,,,,,,,,,,,,,,,,,,,,,,,,,,,,,,,,,,,,,,,,,,,,,,,,,,,,,,,,,,,,,,,,,,,,,,,,,,,,,,,,,,,,,,,,,,,,,,,,,,,,,,,,,,,,,,,,,,,,,,,,,,,,,,,,,,,,,,,,large,875,720,fit,,,,,,,,,,,,,,,large,875,720,fit,,,,,,,,,,,,,,
Wed Mar 02 18:12:51 +0000 2016,7.05094E+17,7.05094E+17,RT @UMichiganNews: New #3D camera being developed by @UMengineering to be smaller & achieve higher resolutions https://t.co/M0ZjlVg58k http…,FALSE,"<a href=""http://twitter.com"" rel=""nofollow"">Twitter Web Client</a>",null,null,null,null,null,88836132,88836132,UniversityofMichigan,UMich,"Ann Arbor, MI","The world needs Victors. This is where they are made. Co??e to #Michigan. A world-renowned public institution, fostering excellence for all. #LeadersandBest",https://t.co/1E6wZT0bSU,https://t.co/1E6wZT0bSU,http://socialmedia.umich.edu,socialmedia.umich.edu,0,23,FALSE,143866,930,1320,Tue Nov 10 03:02:02 +0000 2009,5357,-18000,Eastern Time (US & Canada),TRUE,TRUE,14420,en,FALSE,FALSE,FALSE,84AFE1,http://pbs.twimg.com/profile_background_images/585445466034216960/ju_91JDS.jpg,https://pbs.twimg.com/profile_background_images/585445466034216960/ju_91JDS.jpg,FALSE,http://pbs.twimg.com/profile_images/672051381100908545/46bwdLFv_normal.png,https://pbs.twimg.com/profile_images/672051381100908545/46bwdLFv_normal.png,https://pbs.twimg.com/profile_banners/88836132/1453400249,2B70C4,FFFFFF,FEF3D3,333333,TRUE,FALSE,FALSE,FALSE,TRUE,FALSE,FALSE,null,null,null,null,Wed Mar 02 17:26:17 +0000 2016,7.05082E+17,7.05082E+17,New #3D camera being developed by @UMengineering to be smaller & achieve higher resolutions https://t.co/M0ZjlVg58k https://t.co/WbuMvO8XCg,FALSE,"<a href=""http://twitter.com"" rel=""nofollow"">Twitter Web Client</a>",null,null,null,null,null,24029979,24029979,Michigan News,UMichiganNews,"Ann Arbor, Michigan","Michigan News tweets about innovative research, world-class experts, #MichiganToday and arts & culture at @UMich. Nicole Rhoads tweeting.",http://t.co/H9ktPk42HF,http://t.co/H9ktPk42HF,http://umich.edu/news,umich.edu/news,0,22,FALSE,9043,1070,323,Thu Mar 12 20:33:30 +0000 2009,121,-18000,Eastern Time (US & Canada),TRUE,FALSE,3657,en,FALSE,FALSE,TRUE,22330,http://pbs.twimg.com/profile_background_images/378800000066651768/981e872fbc14390be8e7d3c25cea4a63.jpeg,https://pbs.twimg.com/profile_background_images/378800000066651768/981e872fbc14390be8e7d3c25cea4a63.jpeg,TRUE,http://pbs.twimg.com/profile_images/626120801251495936/kWwgkeje_normal.png,https://pbs.twimg.com/profile_images/626120801251495936/kWwgkeje_normal.png,https://pbs.twimg.com/profile_banners/24029979/1453996460,00274C,0,C0DFEC,333333,TRUE,FALSE,FALSE,FALSE,FALSE,FALSE,FALSE,null,null,,,,,,,,,,,null,null,,,,,,,,,,,,,,,,,,,,,,,,,,,,,,,,,,,,,,,,,,,,,,,,,,,,,,,,,,,,,,,,,,,,,,,,,,,,,,,,,,,,,,,,,,,,,,,,,,,,,,,,,,,,,,,,,FALSE,13,21,3D,4,7,UMengineering,Michigan Engineering,25111672,25111672,34,48,https://t.co/M0ZjlVg58k,http://myumi.ch/a0jnG,myumi.ch/a0jnG,96,119,7.05082E+17,7.05082E+17,120,143,http://pbs.twimg.com/media/Ccj0KumWwAcACPK.jpg,https://pbs.twimg.com/media/Ccj0KumWwAcACPK.jpg,https://t.co/WbuMvO8XCg,pic.twitter.com/WbuMvO8XCg,http://twitter.com/UMichiganNews/status/705081807298039808/photo/1,photo,large,1024,640,fit,7.05082E+17,7.05082E+17,120,143,http://pbs.twimg.com/media/Ccj0KumWwAcACPK.jpg,https://pbs.twimg.com/media/Ccj0KumWwAcACPK.jpg,https://t.co/WbuMvO8XCg,pic.twitter.com/WbuMvO8XCg,http://twitter.com/UMichiganNews/status/705081807298039808/photo/1,photo,large,1024,640,fit,,,,,,,FALSE,FALSE,FALSE,en,FALSE,13,0,3D,23,26,UMichiganNews,Michigan News,24029979,24029979,3,17,https://t.co/M0ZjlVg58k,http://myumi.ch/a0jnG,myumi.ch/a0jnG,115,138,7.05082E+17,7.05082E+17,143,144,http://pbs.twimg.com/media/Ccj0KumWwAcACPK.jpg,https://pbs.twimg.com/media/Ccj0KumWwAcACPK.jpg,https://t.co/WbuMvO8XCg,pic.twitter.com/WbuMvO8XCg,http://twitter.com/UMichiganNews/status/705081807298039808/photo/1,photo,large,1024,640,fit,7.05082E+17,7.05082E+17,24029979,24029979,7.05082E+17,7.05082E+17,143,144,http://pbs.twimg.com/media/Ccj0KumWwAcACPK.jpg,https://pbs.twimg.com/media/Ccj0KumWwAcACPK.jpg,https://t.co/WbuMvO8XCg,pic.twitter.com/WbuMvO8XCg,http://twitter.com/UMichiganNews/status/705081807298039808/photo/1,photo,large,1024,640,fit,,,,,,,7.05082E+17,7.05082E+17,24029979,24029979,FALSE,FALSE,FALSE,en
,,,,,,,,,,,,,,,,,,,,,,,,,,,,,,,,,,,,,,,,,,,,,,,,,,,,,,,,,,,,,,,,,,,,,,,,,,,,,,,,,,,,,,,,,,,,,,,,,,,,,,,,,,,,,,,,,,,,,,,,,,,,,,,,,,,,,,,,,,,,,,,,,,,,,,,,,,,,,,,,,,,,,,,,,,,,,,,,,,,,,,,,,,,,,,,,,,,,,,,,,,,,,,,,,,,,,,,,,,,,,,,,,,,,,,,,,,,,,,,,,,,,,,,,,,,,,,,,,,,,,,,,,,,,,thumb,150,150,crop,,,,,,,,,,,thumb,150,150,crop,,,,,,,,,,,,,,,,,UMengineering,Michigan Engineering,25111672,25111672,53,67,,,,,,,,,,,,,,,,thumb,150,150,crop,,,,,,,,,,,,,,,thumb,150,150,crop,,,,,,,,,,,,,,
,,,,,,,,,,,,,,,,,,,,,,,,,,,,,,,,,,,,,,,,,,,,,,,,,,,,,,,,,,,,,,,,,,,,,,,,,,,,,,,,,,,,,,,,,,,,,,,,,,,,,,,,,,,,,,,,,,,,,,,,,,,,,,,,,,,,,,,,,,,,,,,,,,,,,,,,,,,,,,,,,,,,,,,,,,,,,,,,,,,,,,,,,,,,,,,,,,,,,,,,,,,,,,,,,,,,,,,,,,,,,,,,,,,,,,,,,,,,,,,,,,,,,,,,,,,,,,,,,,,,,,,,,,,,,medium,600,375,fit,,,,,,,,,,,medium,600,375,fit,,,,,,,,,,,,,,,,,,,,,,,,,,,,,,,,,,,,,,medium,600,375,fit,,,,,,,,,,,,,,,medium,600,375,fit,,,,,,,,,,,,,,
,,,,,,,,,,,,,,,,,,,,,,,,,,,,,,,,,,,,,,,,,,,,,,,,,,,,,,,,,,,,,,,,,,,,,,,,,,,,,,,,,,,,,,,,,,,,,,,,,,,,,,,,,,,,,,,,,,,,,,,,,,,,,,,,,,,,,,,,,,,,,,,,,,,,,,,,,,,,,,,,,,,,,,,,,,,,,,,,,,,,,,,,,,,,,,,,,,,,,,,,,,,,,,,,,,,,,,,,,,,,,,,,,,,,,,,,,,,,,,,,,,,,,,,,,,,,,,,,,,,,,,,,,,,,,small,340,212,fit,,,,,,,,,,,small,340,212,fit,,,,,,,,,,,,,,,,,,,,,,,,,,,,,,,,,,,,,,small,340,212,fit,,,,,,,,,,,,,,,small,340,212,fit,,,,,,,,,,,,,,
Wed Mar 02 17:00:45 +0000 2016,7.05075E+17,7.05075E+17,"""People change themselves in order to fit the mold of what other people want & say...that isn't the dream."" https://t.co/Hed4EQjCrX",FALSE,"<a href=""https://ads.twitter.com"" rel=""nofollow"">Twitter Ads</a>",null,null,null,null,null,88836132,88836132,UniversityofMichigan,UMich,"Ann Arbor, MI","The world needs Victors. This is where they are made. Co??e to #Michigan. A world-renowned public institution, fostering excellence for all. #LeadersandBest",https://t.co/1E6wZT0bSU,https://t.co/1E6wZT0bSU,http://socialmedia.umich.edu,socialmedia.umich.edu,0,23,FALSE,143866,930,1320,Tue Nov 10 03:02:02 +0000 2009,5357,-18000,Eastern Time (US & Canada),TRUE,TRUE,14420,en,FALSE,FALSE,FALSE,84AFE1,http://pbs.twimg.com/profile_background_images/585445466034216960/ju_91JDS.jpg,https://pbs.twimg.com/profile_background_images/585445466034216960/ju_91JDS.jpg,FALSE,http://pbs.twimg.com/profile_images/672051381100908545/46bwdLFv_normal.png,https://pbs.twimg.com/profile_images/672051381100908545/46bwdLFv_normal.png,https://pbs.twimg.com/profile_banners/88836132/1453400249,2B70C4,FFFFFF,FEF3D3,333333,TRUE,FALSE,FALSE,FALSE,TRUE,FALSE,FALSE,null,null,null,null,,,,,,,,,,,,,,,,,,,,,,,,,,,,,,,,,,,,,,,,,,,,,,,,,,,,,,,,,,,,,,,,,,,,,,,,,,,,,,,,,,,,,,,,,,,,,,,,,,,,,,,,,,,,,,,,,,,,,,,,,,,,,,,,,,,,,,,,,,,,,,,,,,,,,,,,,,,,,,,,,,,,,,,,,,,,,,,,,,,,,,,,,,,,,,,,,,,,,,,,,,,,,,,,,,,,,,,,,,,,,,,,,,,,,,,,,,,,,,FALSE,9,12,,,,,,,,,,https://t.co/Hed4EQjCrX,http://myumi.ch/JdzBK,myumi.ch/JdzBK,112,135,,,,,,,,,,,,,,,,,,,,,,,,,,,,,,,,,,,,,,,,,,,FALSE,FALSE,FALSE,en
Wed Mar 02 16:04:24 +0000 2016,7.05061E+17,7.05061E+17,"RT @umichgradschool: Depression is real, and it's ok to ask for help. Read about a grad student's journey with depression & healing: https:…",FALSE,"<a href=""http://twitter.com"" rel=""nofollow"">Twitter Web Client</a>",null,null,null,null,null,88836132,88836132,UniversityofMichigan,UMich,"Ann Arbor, MI","The world needs Victors. This is where they are made. Co??e to #Michigan. A world-renowned public institution, fostering excellence for all. #LeadersandBest",https://t.co/1E6wZT0bSU,https://t.co/1E6wZT0bSU,http://socialmedia.umich.edu,socialmedia.umich.edu,0,23,FALSE,143866,930,1320,Tue Nov 10 03:02:02 +0000 2009,5357,-18000,Eastern Time (US & Canada),TRUE,TRUE,14420,en,FALSE,FALSE,FALSE,84AFE1,http://pbs.twimg.com/profile_background_images/585445466034216960/ju_91JDS.jpg,https://pbs.twimg.com/profile_background_images/585445466034216960/ju_91JDS.jpg,FALSE,http://pbs.twimg.com/profile_images/672051381100908545/46bwdLFv_normal.png,https://pbs.twimg.com/profile_images/672051381100908545/46bwdLFv_normal.png,https://pbs.twimg.com/profile_banners/88836132/1453400249,2B70C4,FFFFFF,FEF3D3,333333,TRUE,FALSE,FALSE,FALSE,TRUE,FALSE,FALSE,null,null,null,null,Wed Mar 02 15:17:51 +0000 2016,7.05049E+17,7.05049E+17,"Depression is real, and it's ok to ask for help. Read about a grad student's journey with depression & healing: https://t.co/xaiPjmJPQ4",FALSE,"<a href=""http://twitter.com"" rel=""nofollow"">Twitter Web Client</a>",null,null,null,null,null,284710812,284710812,Rackham Grad School,umichgradschool,"Ann Arbor, Michigan","111 doctoral, 100 master's, and 38 certificate programs @umich. Over 8300 graduate students, each with their own story. #IAmRackham and #IChoseUMich",http://t.co/URcVZcpCYd,http://t.co/URcVZcpCYd,http://www.rackham.umich.edu/,rackham.umich.edu,0,22,FALSE,2606,609,79,Tue Apr 19 20:30:51 +0000 2011,484,-18000,Eastern Time (US & Canada),TRUE,FALSE,1873,en,FALSE,FALSE,FALSE,0F1D41,http://pbs.twimg.com/profile_background_images/378800000081532914/46cf2027b8348b8b7a4d17626696734b.jpeg,https://pbs.twimg.com/profile_background_images/378800000081532914/46cf2027b8348b8b7a4d17626696734b.jpeg,TRUE,http://pbs.twimg.com/profile_images/574958545394774016/dTtirsts_normal.png,https://pbs.twimg.com/profile_images/574958545394774016/dTtirsts_normal.png,https://pbs.twimg.com/profile_banners/284710812/1456846493,0F1D41,FFFFFF,DDEEF6,333333,FALSE,FALSE,FALSE,FALSE,FALSE,FALSE,FALSE,null,null,,,,,,,,,,,null,null,,,,,,,,,,,,,,,,,,,,,,,,,,,,,,,,,,,,,,,,,,,,,,,,,,,,,,,,,,,,,,,,,,,,,,,,,,,,,,,,,,,,,,,,,,,,,,,,,,,,,,,,,,,,,,,,,FALSE,14,22,,,,,,,,,,https://t.co/xaiPjmJPQ4,http://myumi.ch/6vXQ3,myumi.ch/6vXQ3,116,139,,,,,,,,,,,,,,,,,,,,,,,,,,,,,,,,,,,FALSE,FALSE,FALSE,en,FALSE,14,0,,,,umichgradschool,Rackham Grad School,284710812,284710812,3,19,https://t.co/xaiPjmJPQ4,http://myumi.ch/6vXQ3,myumi.ch/6vXQ3,143,144,,,,,,,,,,,,,,,,,,,,,,,,,,,,,,,,,,,,,,,,,,,FALSE,FALSE,FALSE,en
Wed Mar 02 15:13:45 +0000 2016,7.05048E+17,7.05048E+17,"The English diction has altered through the centuries, with no change of substance, but a change of style: https://t.co/JZCQwavS7g",FALSE,"<a href=""http://twitter.com"" rel=""nofollow"">Twitter Web Client</a>",null,null,null,null,null,88836132,88836132,UniversityofMichigan,UMich,"Ann Arbor, MI","The world needs Victors. This is where they are made. Co??e to #Michigan. A world-renowned public institution, fostering excellence for all. #LeadersandBest",https://t.co/1E6wZT0bSU,https://t.co/1E6wZT0bSU,http://socialmedia.umich.edu,socialmedia.umich.edu,0,23,FALSE,143866,930,1320,Tue Nov 10 03:02:02 +0000 2009,5357,-18000,Eastern Time (US & Canada),TRUE,TRUE,14420,en,FALSE,FALSE,FALSE,84AFE1,http://pbs.twimg.com/profile_background_images/585445466034216960/ju_91JDS.jpg,https://pbs.twimg.com/profile_background_images/585445466034216960/ju_91JDS.jpg,FALSE,http://pbs.twimg.com/profile_images/672051381100908545/46bwdLFv_normal.png,https://pbs.twimg.com/profile_images/672051381100908545/46bwdLFv_normal.png,https://pbs.twimg.com/profile_banners/88836132/1453400249,2B70C4,FFFFFF,FEF3D3,333333,TRUE,FALSE,FALSE,FALSE,TRUE,FALSE,FALSE,null,null,null,null,,,,,,,,,,,,,,,,,,,,,,,,,,,,,,,,,,,,,,,,,,,,,,,,,,,,,,,,,,,,,,,,,,,,,,,,,,,,,,,,,,,,,,,,,,,,,,,,,,,,,,,,,,,,,,,,,,,,,,,,,,,,,,,,,,,,,,,,,,,,,,,,,,,,,,,,,,,,,,,,,,,,,,,,,,,,,,,,,,,,,,,,,,,,,,,,,,,,,,,,,,,,,,,,,,,,,,,,,,,,,,,,,,,,,,,,,,,,,,FALSE,2,5,,,,,,,,,,https://t.co/JZCQwavS7g,http://myumi.ch/JYGxE,myumi.ch/JYGxE,107,130,,,,,,,,,,,,,,,,,,,,,,,,,,,,,,,,,,,,,,,,,,,FALSE,FALSE,FALSE,en
Wed Mar 02 13:59:44 +0000 2016,7.0503E+17,7.0503E+17,"RT @UMichResearch: ""One of the reasons why I did want to come to @UMich was because of the #research opportunities here."" https://t.co/c4RH…",FALSE,"<a href=""http://www.handmark.com"" rel=""nofollow"">TweetCaster for iOS</a>",null,null,null,null,null,88836132,88836132,UniversityofMichigan,UMich,"Ann Arbor, MI","The world needs Victors. This is where they are made. Co??e to #Michigan. A world-renowned public institution, fostering excellence for all. #LeadersandBest",https://t.co/1E6wZT0bSU,https://t.co/1E6wZT0bSU,http://socialmedia.umich.edu,socialmedia.umich.edu,0,23,FALSE,143866,930,1320,Tue Nov 10 03:02:02 +0000 2009,5357,-18000,Eastern Time (US & Canada),TRUE,TRUE,14420,en,FALSE,FALSE,FALSE,84AFE1,http://pbs.twimg.com/profile_background_images/585445466034216960/ju_91JDS.jpg,https://pbs.twimg.com/profile_background_images/585445466034216960/ju_91JDS.jpg,FALSE,http://pbs.twimg.com/profile_images/672051381100908545/46bwdLFv_normal.png,https://pbs.twimg.com/profile_images/672051381100908545/46bwdLFv_normal.png,https://pbs.twimg.com/profile_banners/88836132/1453400249,2B70C4,FFFFFF,FEF3D3,333333,TRUE,FALSE,FALSE,FALSE,TRUE,FALSE,FALSE,null,null,null,null,Wed Mar 02 13:57:52 +0000 2016,7.05029E+17,7.05029E+17,"""One of the reasons why I did want to come to @UMich was because of the #research opportunities here."" https://t.co/c4RHGU1bga",FALSE,"<a href=""http://twitter.com"" rel=""nofollow"">Twitter Web Client</a>",null,null,null,null,null,932258994,932258994,UMich Research,UMichResearch,"Ann Arbor, MI","Research news from @umich, a global leader in research and scholarship.",http://t.co/EZWFBhlU5J,http://t.co/EZWFBhlU5J,http://research.umich.edu,research.umich.edu,0,22,FALSE,2141,333,93,Wed Nov 07 15:13:27 +0000 2012,51,-18000,Eastern Time (US & Canada),FALSE,FALSE,1181,en,FALSE,FALSE,FALSE,C0DEED,http://pbs.twimg.com/profile_background_images/705892842/cfb12ad133125dd6881ec539118efb56.jpeg,https://pbs.twimg.com/profile_background_images/705892842/cfb12ad133125dd6881ec539118efb56.jpeg,FALSE,http://pbs.twimg.com/profile_images/431851669974822913/Dq5DkkPG_normal.png,https://pbs.twimg.com/profile_images/431851669974822913/Dq5DkkPG_normal.png,https://pbs.twimg.com/profile_banners/932258994/1439843554,104680,FFFFFF,DDEEF6,333333,TRUE,FALSE,FALSE,FALSE,FALSE,FALSE,FALSE,null,null,,,,,,,,,,,null,null,,,,,,,,,,,,,,,,,,,,,,,,,,,,,,,,,,,,,,,,,,,,,,,,,,,,,,,,,,,,,,,,,,,,,,,,,,,,,,,,,,,,,,,,,,,,,,,,,,,,,,,,,,,,,,,,,FALSE,2,14,research,72,81,UMich,UniversityofMichigan,88836132,88836132,46,52,https://t.co/c4RHGU1bga,http://myumi.ch/aXGK0,myumi.ch/aXGK0,103,126,,,,,,,,,,,,,,,,,,,,,,,,,,,,,,,,,,,FALSE,FALSE,FALSE,en,FALSE,2,0,research,91,100,UMichResearch,UMich Research,932258994,932258994,3,17,https://t.co/c4RHGU1bga,http://myumi.ch/aXGK0,myumi.ch/aXGK0,122,140,,,,,,,,,,,,,,,,,,,,,,,,,,,,,,,,,,,,,,,,,,,FALSE,FALSE,FALSE,en
,,,,,,,,,,,,,,,,,,,,,,,,,,,,,,,,,,,,,,,,,,,,,,,,,,,,,,,,,,,,,,,,,,,,,,,,,,,,,,,,,,,,,,,,,,,,,,,,,,,,,,,,,,,,,,,,,,,,,,,,,,,,,,,,,,,,,,,,,,,,,,,,,,,,,,,,,,,,,,,,,,,,,,,,,,,,,,,,,,,,,,,,,,,,,,,,,,,,,,,,,,,,,,,,,,,,,,,,,,,,,,,,,,,,,,,,,,,,,,,,,,,,,,,,,,,,,,,,,,,,,,,,,,,,,,,,,,,,,,,,,,,,,,,,,,,,,,,,,,,,,,,UMich,UniversityofMichigan,88836132,88836132,65,71,,,,,,,,,,,,,,,,,,,,,,,,,,,,,,,,,,,,,,,,,,,,,,,,,,,
Tue Mar 01 22:00:35 +0000 2016,7.04788E+17,7.04788E+17,"""I'm very passionate about helping the population that can't help themselves,"" https://t.co/tZjAYEBP3A",FALSE,"<a href=""https://ads.twitter.com"" rel=""nofollow"">Twitter Ads</a>",null,null,null,null,null,88836132,88836132,UniversityofMichigan,UMich,"Ann Arbor, MI","The world needs Victors. This is where they are made. Co??e to #Michigan. A world-renowned public institution, fostering excellence for all. #LeadersandBest",https://t.co/1E6wZT0bSU,https://t.co/1E6wZT0bSU,http://socialmedia.umich.edu,socialmedia.umich.edu,0,23,FALSE,143866,930,1320,Tue Nov 10 03:02:02 +0000 2009,5357,-18000,Eastern Time (US & Canada),TRUE,TRUE,14420,en,FALSE,FALSE,FALSE,84AFE1,http://pbs.twimg.com/profile_background_images/585445466034216960/ju_91JDS.jpg,https://pbs.twimg.com/profile_background_images/585445466034216960/ju_91JDS.jpg,FALSE,http://pbs.twimg.com/profile_images/672051381100908545/46bwdLFv_normal.png,https://pbs.twimg.com/profile_images/672051381100908545/46bwdLFv_normal.png,https://pbs.twimg.com/profile_banners/88836132/1453400249,2B70C4,FFFFFF,FEF3D3,333333,TRUE,FALSE,FALSE,FALSE,TRUE,FALSE,FALSE,null,null,null,null,,,,,,,,,,,,,,,,,,,,,,,,,,,,,,,,,,,,,,,,,,,,,,,,,,,,,,,,,,,,,,,,,,,,,,,,,,,,,,,,,,,,,,,,,,,,,,,,,,,,,,,,,,,,,,,,,,,,,,,,,,,,,,,,,,,,,,,,,,,,,,,,,,,,,,,,,,,,,,,,,,,,,,,,,,,,,,,,,,,,,,,,,,,,,,,,,,,,,,,,,,,,,,,,,,,,,,,,,,,,,,,,,,,,,,,,,,,,,,FALSE,3,9,,,,,,,,,,https://t.co/tZjAYEBP3A,http://myumi.ch/aZ0jm,myumi.ch/aZ0jm,79,102,,,,,,,,,,,,,,,,,,,,,,,,,,,,,,,,,,,,,,,,,,,FALSE,FALSE,FALSE,en
Tue Mar 01 21:04:03 +0000 2016,7.04774E+17,7.04774E+17,RT @umichgradschool: Grad students everywhere: Declare #IChoseUMich. Share your acceptance story & be pinned on our #Rackham map. https://t…,FALSE,"<a href=""http://twitter.com"" rel=""nofollow"">Twitter Web Client</a>",null,null,null,null,null,88836132,88836132,UniversityofMichigan,UMich,"Ann Arbor, MI","The world needs Victors. This is where they are made. Co??e to #Michigan. A world-renowned public institution, fostering excellence for all. #LeadersandBest",https://t.co/1E6wZT0bSU,https://t.co/1E6wZT0bSU,http://socialmedia.umich.edu,socialmedia.umich.edu,0,23,FALSE,143866,930,1320,Tue Nov 10 03:02:02 +0000 2009,5357,-18000,Eastern Time (US & Canada),TRUE,TRUE,14420,en,FALSE,FALSE,FALSE,84AFE1,http://pbs.twimg.com/profile_background_images/585445466034216960/ju_91JDS.jpg,https://pbs.twimg.com/profile_background_images/585445466034216960/ju_91JDS.jpg,FALSE,http://pbs.twimg.com/profile_images/672051381100908545/46bwdLFv_normal.png,https://pbs.twimg.com/profile_images/672051381100908545/46bwdLFv_normal.png,https://pbs.twimg.com/profile_banners/88836132/1453400249,2B70C4,FFFFFF,FEF3D3,333333,TRUE,FALSE,FALSE,FALSE,TRUE,FALSE,FALSE,null,null,null,null,Tue Mar 01 15:21:12 +0000 2016,7.04688E+17,7.04688E+17,Grad students everywhere: Declare #IChoseUMich. Share your acceptance story & be pinned on our #Rackham map. https://t.co/Mn3dKJsBEb,FALSE,"<a href=""http://twitter.com"" rel=""nofollow"">Twitter Web Client</a>",null,null,null,null,null,284710812,284710812,Rackham Grad School,umichgradschool,"Ann Arbor, Michigan","111 doctoral, 100 master's, and 38 certificate programs @umich. Over 8300 graduate students, each with their own story. #IAmRackham and #IChoseUMich",http://t.co/URcVZcpCYd,http://t.co/URcVZcpCYd,http://www.rackham.umich.edu/,rackham.umich.edu,0,22,FALSE,2606,609,79,Tue Apr 19 20:30:51 +0000 2011,484,-18000,Eastern Time (US & Canada),TRUE,FALSE,1873,en,FALSE,FALSE,FALSE,0F1D41,http://pbs.twimg.com/profile_background_images/378800000081532914/46cf2027b8348b8b7a4d17626696734b.jpeg,https://pbs.twimg.com/profile_background_images/378800000081532914/46cf2027b8348b8b7a4d17626696734b.jpeg,TRUE,http://pbs.twimg.com/profile_images/574958545394774016/dTtirsts_normal.png,https://pbs.twimg.com/profile_images/574958545394774016/dTtirsts_normal.png,https://pbs.twimg.com/profile_banners/284710812/1456846493,0F1D41,FFFFFF,DDEEF6,333333,FALSE,FALSE,FALSE,FALSE,FALSE,FALSE,FALSE,null,null,,,,,,,,,,,null,null,,,,,,,,,,,,,,,,,,,,,,,,,,,,,,,,,,,,,,,,,,,,,,,,,,,,,,,,,,,,,,,,,,,,,,,,,,,,,,,,,,,,,,,,,,,,,,,,,,,,,,,,,,,,,,,,,FALSE,12,17,IChoseUMich,34,46,,,,,,,,,,,,7.04678E+17,7.04678E+17,113,136,http://pbs.twimg.com/tweet_video_thumb/CceEprPXIAAgkBy.jpg,https://pbs.twimg.com/tweet_video_thumb/CceEprPXIAAgkBy.jpg,https://t.co/Mn3dKJsBEb,pic.twitter.com/Mn3dKJsBEb,http://twitter.com/umichgradschool/status/704687942963433472/photo/1,photo,large,640,320,fit,7.04678E+17,7.04678E+17,113,136,http://pbs.twimg.com/tweet_video_thumb/CceEprPXIAAgkBy.jpg,https://pbs.twimg.com/tweet_video_thumb/CceEprPXIAAgkBy.jpg,https://t.co/Mn3dKJsBEb,pic.twitter.com/Mn3dKJsBEb,http://twitter.com/umichgradschool/status/704687942963433472/photo/1,animated_gif,large,640,320,fit,0,2,1,,video/mp4,https://pbs.twimg.com/tweet_video/CceEprPXIAAgkBy.mp4,FALSE,FALSE,FALSE,en,FALSE,12,0,IChoseUMich,55,67,umichgradschool,Rackham Grad School,284710812,284710812,3,19,,,,,,7.04678E+17,7.04678E+17,143,144,http://pbs.twimg.com/tweet_video_thumb/CceEprPXIAAgkBy.jpg,https://pbs.twimg.com/tweet_video_thumb/CceEprPXIAAgkBy.jpg,https://t.co/Mn3dKJsBEb,pic.twitter.com/Mn3dKJsBEb,http://twitter.com/umichgradschool/status/704687942963433472/photo/1,photo,large,640,320,fit,7.04688E+17,7.04688E+17,284710812,284710812,7.04678E+17,7.04678E+17,143,144,http://pbs.twimg.com/tweet_video_thumb/CceEprPXIAAgkBy.jpg,https://pbs.twimg.com/tweet_video_thumb/CceEprPXIAAgkBy.jpg,https://t.co/Mn3dKJsBEb,pic.twitter.com/Mn3dKJsBEb,http://twitter.com/umichgradschool/status/704687942963433472/photo/1,animated_gif,large,640,320,fit,2,1,,0,video/mp4,https://pbs.twimg.com/tweet_video/CceEprPXIAAgkBy.mp4,7.04688E+17,7.04688E+17,284710812,284710812,FALSE,FALSE,FALSE,en
,,,,,,,,,,,,,,,,,,,,,,,,,,,,,,,,,,,,,,,,,,,,,,,,,,,,,,,,,,,,,,,,,,,,,,,,,,,,,,,,,,,,,,,,,,,,,,,,,,,,,,,,,,,,,,,,,,,,,,,,,,,,,,,,,,,,,,,,,,,,,,,,,,,,,,,,,,,,,,,,,,,,,,,,,,,,,,,,,,,,,,,,,,,,,,,,,,,,,,,,,,,,,,,,,,,,,,,,,,,,,,,,,,,,,,,,,,,,,,,,,,,,,Rackham,99,107,,,,,,,,,,,,,,,,,,,,,,thumb,150,150,crop,,,,,,,,,,,thumb,150,150,crop,,,,,,,,,,,,,,Rackham,120,128,,,,,,,,,,,,,,,,,,,,,,thumb,150,150,crop,,,,,,,,,,,,,,,thumb,150,150,crop,,,,,,,,,,,,,,
,,,,,,,,,,,,,,,,,,,,,,,,,,,,,,,,,,,,,,,,,,,,,,,,,,,,,,,,,,,,,,,,,,,,,,,,,,,,,,,,,,,,,,,,,,,,,,,,,,,,,,,,,,,,,,,,,,,,,,,,,,,,,,,,,,,,,,,,,,,,,,,,,,,,,,,,,,,,,,,,,,,,,,,,,,,,,,,,,,,,,,,,,,,,,,,,,,,,,,,,,,,,,,,,,,,,,,,,,,,,,,,,,,,,,,,,,,,,,,,,,,,,,,,,,,,,,,,,,,,,,,,,,,,,,medium,600,300,fit,,,,,,,,,,,medium,600,300,fit,,,,,,,,,,,,,,,,,,,,,,,,,,,,,,,,,,,,,,medium,600,300,fit,,,,,,,,,,,,,,,medium,600,300,fit,,,,,,,,,,,,,,
,,,,,,,,,,,,,,,,,,,,,,,,,,,,,,,,,,,,,,,,,,,,,,,,,,,,,,,,,,,,,,,,,,,,,,,,,,,,,,,,,,,,,,,,,,,,,,,,,,,,,,,,,,,,,,,,,,,,,,,,,,,,,,,,,,,,,,,,,,,,,,,,,,,,,,,,,,,,,,,,,,,,,,,,,,,,,,,,,,,,,,,,,,,,,,,,,,,,,,,,,,,,,,,,,,,,,,,,,,,,,,,,,,,,,,,,,,,,,,,,,,,,,,,,,,,,,,,,,,,,,,,,,,,,,small,340,170,fit,,,,,,,,,,,small,340,170,fit,,,,,,,,,,,,,,,,,,,,,,,,,,,,,,,,,,,,,,small,340,170,fit,,,,,,,,,,,,,,,small,340,170,fit,,,,,,,,,,,,,,
Tue Mar 01 20:00:37 +0000 2016,7.04758E+17,7.04758E+17,"Leading by example, Dr. Steven Boling @UMHealthSystem has demonstrated his commitment to health by running to work https://t.co/zWo8a334hH",FALSE,"<a href=""https://ads.twitter.com"" rel=""nofollow"">Twitter Ads</a>",null,null,null,null,null,88836132,88836132,UniversityofMichigan,UMich,"Ann Arbor, MI","The world needs Victors. This is where they are made. Co??e to #Michigan. A world-renowned public institution, fostering excellence for all. #LeadersandBest",https://t.co/1E6wZT0bSU,https://t.co/1E6wZT0bSU,http://socialmedia.umich.edu,socialmedia.umich.edu,0,23,FALSE,143866,930,1320,Tue Nov 10 03:02:02 +0000 2009,5357,-18000,Eastern Time (US & Canada),TRUE,TRUE,14420,en,FALSE,FALSE,FALSE,84AFE1,http://pbs.twimg.com/profile_background_images/585445466034216960/ju_91JDS.jpg,https://pbs.twimg.com/profile_background_images/585445466034216960/ju_91JDS.jpg,FALSE,http://pbs.twimg.com/profile_images/672051381100908545/46bwdLFv_normal.png,https://pbs.twimg.com/profile_images/672051381100908545/46bwdLFv_normal.png,https://pbs.twimg.com/profile_banners/88836132/1453400249,2B70C4,FFFFFF,FEF3D3,333333,TRUE,FALSE,FALSE,FALSE,TRUE,FALSE,FALSE,null,null,null,null,,,,,,,,,,,,,,,,,,,,,,,,,,,,,,,,,,,,,,,,,,,,,,,,,,,,,,,,,,,,,,,,,,,,,,,,,,,,,,,,,,,,,,,,,,,,,,,,,,,,,,,,,,,,,,,,,,,,,,,,,,,,,,,,,,,,,,,,,,,,,,,,,,,,,,,,,,,,,,,,,,,,,,,,,,,,,,,,,,,,,,,,,,,,,,,,,,,,,,,,,,,,,,,,,,,,,,,,,,,,,,,,,,,,,,,,,,,,,,FALSE,4,17,,,,UMHealthSystem,U-M Health System,15457383,15457383,38,53,https://t.co/zWo8a334hH,http://myumi.ch/6QpbZ,myumi.ch/6QpbZ,115,138,,,,,,,,,,,,,,,,,,,,,,,,,,,,,,,,,,,,,,,,,,,FALSE,FALSE,FALSE,en
Tue Mar 01 18:31:16 +0000 2016,7.04736E+17,7.04736E+17,RT @UMichiganNews: .@MichiganRoss: Why are some male managers surrounded by diverse group of subordinates while others only hire men? https…,FALSE,"<a href=""http://twitter.com"" rel=""nofollow"">Twitter Web Client</a>",null,null,null,null,null,88836132,88836132,UniversityofMichigan,UMich,"Ann Arbor, MI","The world needs Victors. This is where they are made. Co??e to #Michigan. A world-renowned public institution, fostering excellence for all. #LeadersandBest",https://t.co/1E6wZT0bSU,https://t.co/1E6wZT0bSU,http://socialmedia.umich.edu,socialmedia.umich.edu,0,23,FALSE,143866,930,1320,Tue Nov 10 03:02:02 +0000 2009,5357,-18000,Eastern Time (US & Canada),TRUE,TRUE,14420,en,FALSE,FALSE,FALSE,84AFE1,http://pbs.twimg.com/profile_background_images/585445466034216960/ju_91JDS.jpg,https://pbs.twimg.com/profile_background_images/585445466034216960/ju_91JDS.jpg,FALSE,http://pbs.twimg.com/profile_images/672051381100908545/46bwdLFv_normal.png,https://pbs.twimg.com/profile_images/672051381100908545/46bwdLFv_normal.png,https://pbs.twimg.com/profile_banners/88836132/1453400249,2B70C4,FFFFFF,FEF3D3,333333,TRUE,FALSE,FALSE,FALSE,TRUE,FALSE,FALSE,null,null,null,null,Tue Mar 01 17:27:59 +0000 2016,7.0472E+17,7.0472E+17,.@MichiganRoss: Why are some male managers surrounded by diverse group of subordinates while others only hire men? https://t.co/NpvjUOBw43,FALSE,"<a href=""http://twitter.com"" rel=""nofollow"">Twitter Web Client</a>",null,null,null,null,null,24029979,24029979,Michigan News,UMichiganNews,"Ann Arbor, Michigan","Michigan News tweets about innovative research, world-class experts, #MichiganToday and arts & culture at @UMich. Nicole Rhoads tweeting.",http://t.co/H9ktPk42HF,http://t.co/H9ktPk42HF,http://umich.edu/news,umich.edu/news,0,22,FALSE,9043,1070,323,Thu Mar 12 20:33:30 +0000 2009,121,-18000,Eastern Time (US & Canada),TRUE,FALSE,3657,en,FALSE,FALSE,TRUE,22330,http://pbs.twimg.com/profile_background_images/378800000066651768/981e872fbc14390be8e7d3c25cea4a63.jpeg,https://pbs.twimg.com/profile_background_images/378800000066651768/981e872fbc14390be8e7d3c25cea4a63.jpeg,TRUE,http://pbs.twimg.com/profile_images/626120801251495936/kWwgkeje_normal.png,https://pbs.twimg.com/profile_images/626120801251495936/kWwgkeje_normal.png,https://pbs.twimg.com/profile_banners/24029979/1453996460,00274C,0,C0DFEC,333333,TRUE,FALSE,FALSE,FALSE,FALSE,FALSE,FALSE,null,null,,,,,,,,,,,null,null,7.04703E+17,7.04703E+17,Tue Mar 01 16:20:24 +0000 2016,7.04703E+17,7.04703E+17,Gender gap at work reflects political views of boss | @UMichiganNews https://t.co/CiPg9WlDwN #business #workplace https://t.co/OsnshiEibR,FALSE,"<a href=""http://twitter.com"" rel=""nofollow"">Twitter Web Client</a>",null,null,null,null,null,1168903477,1168903477,Faculti,FacultiNet,"Cambridge, MA","Education, research and training video platform. Download app here: https://t.co/LCm4drceS3",https://t.co/FkSsHF1GpV,url,https://t.co/FkSsHF1GpV,http://faculti.net,faculti.net,0,23,FALSE,1648,1293,114,Mon Feb 11 13:24:40 +0000 2013,6870,0,Casablanca,FALSE,FALSE,5412,en,FALSE,FALSE,FALSE,FFFFFF,http://pbs.twimg.com/profile_background_images/449953369021374464/3gyMbywA.jpeg,https://pbs.twimg.com/profile_background_images/449953369021374464/3gyMbywA.jpeg,FALSE,http://pbs.twimg.com/profile_images/642646800437018624/UP99wCqf_normal.png,https://pbs.twimg.com/profile_images/642646800437018624/UP99wCqf_normal.png,https://pbs.twimg.com/profile_banners/1168903477/1456565573,30003,0,DDEEF6,333333,FALSE,FALSE,FALSE,FALSE,FALSE,FALSE,FALSE,null,null,null,null,FALSE,0,2,business,93,102,UMichiganNews,Michigan News,24029979,24029979,54,68,https://t.co/CiPg9WlDwN,http://ns.umich.edu/new/releases/23499-gender-gap-at-work-reflects-political-views-of-boss,ns.umich.edu/new/releases/2…,69,92,7.04703E+17,7.04703E+17,114,137,http://pbs.twimg.com/media/Ccebf82XIAAslB9.jpg,https://pbs.twimg.com/media/Ccebf82XIAAslB9.jpg,https://t.co/OsnshiEibR,pic.twitter.com/OsnshiEibR,http://twitter.com/FacultiNet/status/704702840971862018/photo/1,photo,large,1024,576,fit,7.04703E+17,7.04703E+17,114,137,http://pbs.twimg.com/media/Ccebf82XIAAslB9.jpg,https://pbs.twimg.com/media/Ccebf82XIAAslB9.jpg,https://t.co/OsnshiEibR,pic.twitter.com/OsnshiEibR,http://twitter.com/FacultiNet/status/704702840971862018/photo/1,photo,large,1024,576,fit,FALSE,FALSE,FALSE,en,TRUE,4,8,,,,MichiganRoss,Ross School of Bus.,58823749,58823749,1,14,https://t.co/NpvjUOBw43,https://twitter.com/FacultiNet/status/704702840971862018,twitter.com/FacultiNet/sta…,115,138,,,,,,,,,,,,,,,,,,,,,,,,,,,,,,,,,,,FALSE,FALSE,FALSE,en,TRUE,4,0,,,,UMichiganNews,Michigan News,24029979,24029979,3,17,https://t.co/NpvjUOBw43,https://twitter.com/FacultiNet/status/704702840971862018,twitter.com/FacultiNet/sta…,139,140,,,,,,,,,,,,,,,,,,,,,,,,,,,,,,,,,,,,,,,,,,,FALSE,FALSE,FALSE,en
,,,,,,,,,,,,,,,,,,,,,,,,,,,,,,,,,,,,,,,,,,,,,,,,,,,,,,,,,,,,,,,,,,,,,,,,,,,,,,,,,,,,,,,,,,,,,,,,,,,,,,,,,,,,,,,,,,,,,,,,,,,,,,,,,,,,,,,,,,,,,,,,,,,,,,description,https://t.co/LCm4drceS3,http://bit.ly/1mTf5TD,bit.ly/1mTf5TD,68,91,,,,,,,,,,,,,,,,,,,,,,,,,,,,,,,,,,,,,,,,,workplace,103,113,,,,,,,,,,,,,,,,,,,,,,thumb,150,150,crop,,,,,,,,,,,thumb,150,150,crop,,,,,,,,,,,,,,,,,,,,,,,,,,,,,,,,,,,,,,,,,,,,,,,,,,,,,,,,,,,,,,,,,,MichiganRoss,Ross School of Bus.,58823749,58823749,20,33,,,,,,,,,,,,,,,,,,,,,,,,,,,,,,,,,,,,,,,,,,,,,,,,,,,
,,,,,,,,,,,,,,,,,,,,,,,,,,,,,,,,,,,,,,,,,,,,,,,,,,,,,,,,,,,,,,,,,,,,,,,,,,,,,,,,,,,,,,,,,,,,,,,,,,,,,,,,,,,,,,,,,,,,,,,,,,,,,,,,,,,,,,,,,,,,,,,,,,,,,,,,,,,,,,,,,,,,,,,,,,,,,,,,,,,,,,,,,,,,,,,,,,,,,,,,,,,,,,,,,,,,,,,,,,,,medium,600,338,fit,,,,,,,,,,,medium,600,338,fit,,,,,,,,,,,,,,,,,,,,,,,,,,,,,,,,,,,,,,,,,,,,,,,,,,,,,,,,,,,,,,,,,,,,,,,,,,,,,,,,,,,,,,,,,,,,,,,,,,,,,,,,,,,,,,,,,,,,,,,,,,
,,,,,,,,,,,,,,,,,,,,,,,,,,,,,,,,,,,,,,,,,,,,,,,,,,,,,,,,,,,,,,,,,,,,,,,,,,,,,,,,,,,,,,,,,,,,,,,,,,,,,,,,,,,,,,,,,,,,,,,,,,,,,,,,,,,,,,,,,,,,,,,,,,,,,,,,,,,,,,,,,,,,,,,,,,,,,,,,,,,,,,,,,,,,,,,,,,,,,,,,,,,,,,,,,,,,,,,,,,,,small,340,191,fit,,,,,,,,,,,small,340,191,fit,,,,,,,,,,,,,,,,,,,,,,,,,,,,,,,,,,,,,,,,,,,,,,,,,,,,,,,,,,,,,,,,,,,,,,,,,,,,,,,,,,,,,,,,,,,,,,,,,,,,,,,,,,,,,,,,,,,,,,,,,,
Tue Mar 01 16:59:41 +0000 2016,7.04713E+17,7.04713E+17,We’re celebrating #NationalReadingMonth w/Wolverine authors. Let us know what you're reading (aside from textbooks)! https://t.co/hqDEczMrNL,FALSE,"<a href=""http://twitter.com/download/iphone"" rel=""nofollow"">Twitter for iPhone</a>",null,null,null,null,null,88836132,88836132,UniversityofMichigan,UMich,"Ann Arbor, MI","The world needs Victors. This is where they are made. Co??e to #Michigan. A world-renowned public institution, fostering excellence for all. #LeadersandBest",https://t.co/1E6wZT0bSU,https://t.co/1E6wZT0bSU,http://socialmedia.umich.edu,socialmedia.umich.edu,0,23,FALSE,143866,930,1320,Tue Nov 10 03:02:02 +0000 2009,5357,-18000,Eastern Time (US & Canada),TRUE,TRUE,14420,en,FALSE,FALSE,FALSE,84AFE1,http://pbs.twimg.com/profile_background_images/585445466034216960/ju_91JDS.jpg,https://pbs.twimg.com/profile_background_images/585445466034216960/ju_91JDS.jpg,FALSE,http://pbs.twimg.com/profile_images/672051381100908545/46bwdLFv_normal.png,https://pbs.twimg.com/profile_images/672051381100908545/46bwdLFv_normal.png,https://pbs.twimg.com/profile_banners/88836132/1453400249,2B70C4,FFFFFF,FEF3D3,333333,TRUE,FALSE,FALSE,FALSE,TRUE,FALSE,FALSE,null,null,null,null,,,,,,,,,,,,,,,,,,,,,,,,,,,,,,,,,,,,,,,,,,,,,,,,,,,,,,,,,,,,,,,,,,,,,,,,,,,,,,,,,,,,,,,,,,,,,,,,,,,,,,,,,,,,,,,,,,,,,,,,,,,,,,,,,,,,,,,,,,,,,,,,,,,,,,,,,,,,,,,,,,,,,,,,,,,,,,,,,,,,,,,,,,,,,,,,,,,,,,,,,,,,,,,,,,,,,,,,,,,,,,,,,,,,,,,,,,,,,,FALSE,12,32,NationalReadingMonth,18,39,,,,,,,,,,,,7.04713E+17,7.04713E+17,117,140,http://pbs.twimg.com/ext_tw_video_thumb/704712635158241280/pu/img/GUUIvIjgttC0aLX-.jpg,https://pbs.twimg.com/ext_tw_video_thumb/704712635158241280/pu/img/GUUIvIjgttC0aLX-.jpg,https://t.co/hqDEczMrNL,pic.twitter.com/hqDEczMrNL,http://twitter.com/UMich/status/704712727059628033/video/1,photo,thumb,150,150,crop,,,,,7.04713E+17,7.04713E+17,117,140,http://pbs.twimg.com/ext_tw_video_thumb/704712635158241280/pu/img/GUUIvIjgttC0aLX-.jpg,https://pbs.twimg.com/ext_tw_video_thumb/704712635158241280/pu/img/GUUIvIjgttC0aLX-.jpg,https://t.co/hqDEczMrNL,pic.twitter.com/hqDEczMrNL,http://twitter.com/UMich/status/704712727059628033/video/1,video,thumb,150,150,crop,2,1,18118,320000,video/mp4,https://video.twimg.com/ext_tw_video/704712635158241280/pu/vid/360x180/l1i6spyOE42rbm3B.mp4,,,,,FALSE,FALSE,FALSE,en
,,,,,,,,,,,,,,,,,,,,,,,,,,,,,,,,,,,,,,,,,,,,,,,,,,,,,,,,,,,,,,,,,,,,,,,,,,,,,,,,,,,,,,,,,,,,,,,,,,,,,,,,,,,,,,,,,,,,,,,,,,,,,,,,,,,,,,,,,,,,,,,,,,,,,,,,,,,,,,,,,,,,,,,,,,,,,,,,,,,,,,,,,,,,,,,,,,,,,,,,,,,,,,,,,,,,,,,,,,,,,,,,,,,,,,,,,,,,,,,,,,,,,,,,,,,,,,,,,,,,,,,,,,,,,,,,,,,,,,,,,,,,,,,,,,,,,,,,,,,,,,,,,,,,,,,,,,,,,,,,,,,,medium,600,300,fit,,,,,,,,,,,,,,,medium,600,300,fit,,,,,application/x-mpegURL,https://video.twimg.com/ext_tw_video/704712635158241280/pu/pl/DjFAk6Ciw82sC_Rr.m3u8,,,,,,,,
,,,,,,,,,,,,,,,,,,,,,,,,,,,,,,,,,,,,,,,,,,,,,,,,,,,,,,,,,,,,,,,,,,,,,,,,,,,,,,,,,,,,,,,,,,,,,,,,,,,,,,,,,,,,,,,,,,,,,,,,,,,,,,,,,,,,,,,,,,,,,,,,,,,,,,,,,,,,,,,,,,,,,,,,,,,,,,,,,,,,,,,,,,,,,,,,,,,,,,,,,,,,,,,,,,,,,,,,,,,,,,,,,,,,,,,,,,,,,,,,,,,,,,,,,,,,,,,,,,,,,,,,,,,,,,,,,,,,,,,,,,,,,,,,,,,,,,,,,,,,,,,,,,,,,,,,,,,,,,,,,,,,large,624,312,fit,,,,,,,,,,,,,,,large,624,312,fit,,,,,application/dash+xml,https://video.twimg.com/ext_tw_video/704712635158241280/pu/pl/DjFAk6Ciw82sC_Rr.mpd,,,,,,,,
,,,,,,,,,,,,,,,,,,,,,,,,,,,,,,,,,,,,,,,,,,,,,,,,,,,,,,,,,,,,,,,,,,,,,,,,,,,,,,,,,,,,,,,,,,,,,,,,,,,,,,,,,,,,,,,,,,,,,,,,,,,,,,,,,,,,,,,,,,,,,,,,,,,,,,,,,,,,,,,,,,,,,,,,,,,,,,,,,,,,,,,,,,,,,,,,,,,,,,,,,,,,,,,,,,,,,,,,,,,,,,,,,,,,,,,,,,,,,,,,,,,,,,,,,,,,,,,,,,,,,,,,,,,,,,,,,,,,,,,,,,,,,,,,,,,,,,,,,,,,,,,,,,,,,,,,,,,,,,,,,,,,small,340,170,fit,,,,,,,,,,,,,,,small,340,170,fit,,,,320000,video/webm,https://video.twimg.com/ext_tw_video/704712635158241280/pu/vid/360x180/l1i6spyOE42rbm3B.webm,,,,,,,,
